Timestamp,Buy_Price,Sell_Price
177427367.1704,0.0,0.0
177427369.1704,0.0,0.0
177427371.1704,0.0,0.0
177427373.1704,0.0,0.0
177427375.1704,0.0,0.0
177427377.1704,0.0,0.0
177427379.1704,0.0,0.0
177427381.1704,0.0,0.0
177427383.1704,0.0,0.0
177427385.1704,0.0,0.0
177427387.1704,0.0,0.0
177427389.1704,0.0,0.0
177427391.1704,0.0,0.0
177427393.1704,0.0,0.0
177427395.1704,0.0,0.0
177427397.1704,0.0,0.0
177427399.1704,0.0,0.0
177427401.1704,0.0,0.0
177427403.1704,0.0,0.0
177427405.1704,0.0,0.0
177427407.1704,0.0,0.0
177427409.1704,0.0,0.0
177427411.1704,0.0,0.0
177427413.1704,0.0,0.0
177427415.1704,0.0,0.0
177427417.1704,0.0,0.0
177427419.1704,0.0,0.0
177427421.1704,0.0,0.0
177427423.1704,0.0,0.0
177427425.1704,0.0,0.0
177427427.1704,0.0,0.0
177427429.1704,0.0,0.0
177427431.1704,0.0,0.0
177427433.1704,0.0,0.0
177427435.1704,0.0,0.0
177427437.1704,0.0,0.0
177427439.1704,0.0,0.0
177427441.1704,0.0,0.0
177427443.1704,0.0,0.0
177427445.1704,0.0,0.0
177427447.1704,0.0,0.0
177427449.1704,0.0,0.0
177427451.1704,0.0,0.0
177427453.1704,0.0,0.0
177427455.1704,0.0,0.0
177427457.1704,0.0,0.0
177427459.1704,0.0,0.0
177427461.1704,0.0,0.0
177427463.1704,0.0,0.0
177427465.1704,0.0,0.0
177427467.1704,0.0,0.0
177427469.1704,0.0,0.0
177427471.1704,0.0,0.0
177427473.1704,0.0,0.0
177427475.1704,0.0,0.0
177427477.1704,0.0,0.0
177427479.1704,0.0,0.0
177427481.1704,0.0,0.0
177427483.1704,0.0,0.0
177427485.1704,0.0,0.0
177427487.1704,0.0,0.0
177427489.1704,0.0,0.0
177427491.1704,0.0,0.0
177427493.1704,0.0,0.0
177427495.1704,0.0,0.0
177427497.1704,0.0,0.0
177427499.1704,0.0,0.0
177427501.1704,0.0,0.0
177427503.1704,0.0,0.0
177427505.1704,0.0,0.0
177427507.1704,0.0,0.0
177427509.1704,0.0,0.0
177427511.1704,0.0,0.0
177427513.1704,0.0,0.0
177427515.1704,0.0,0.0
177427517.1704,0.0,0.0
177427519.1704,0.0,0.0
177427521.1704,0.0,0.0
177427523.1704,0.0,0.0
177427525.1704,0.0,0.0
177427527.1704,0.0,0.0
177427529.1704,0.0,0.0
177427531.1704,0.0,0.0
177427533.1704,0.0,0.0
177427535.1704,0.0,0.0
177427537.1704,0.0,0.0
177427539.1704,0.0,0.0
177427541.1704,0.0,0.0
177427543.1704,0.0,0.0
177427545.1704,0.0,0.0
177427547.1704,0.0,0.0
177427549.1704,0.0,0.0
177427551.1704,0.0,0.0
177427553.1704,0.0,0.0
177427555.1704,0.0,0.0
177427557.1704,0.0,0.0
177427559.1704,0.0,0.0
177427561.1704,0.0,0.0
177427563.1704,0.0,0.0
177427565.1704,0.0,0.0
177427567.1704,0.0,0.0
177427569.1704,0.0,0.0
177427571.1704,0.0,0.0
177427573.1704,0.0,0.0
177427575.1704,0.0,0.0
177427577.1704,0.0,0.0
177427579.1704,0.0,0.0
177427581.1704,0.0,0.0
177427583.1704,0.0,0.0
177427585.1704,0.0,0.0
177427587.1704,0.0,0.0
177427589.1704,0.0,0.0
177427591.1704,0.0,0.0
177427593.1704,0.0,0.0
177427595.1704,0.0,0.0
177427597.1704,0.0,0.0
177427599.1704,0.0,0.0
177427601.1704,0.0,0.0
177427603.1704,0.0,0.0
177427605.1704,0.0,0.0
177427607.1704,0.0,0.0
177427609.1704,0.0,0.0
177427611.1704,0.0,0.0
177427613.1704,0.0,0.0
177427615.1704,0.0,0.0
177427617.1704,0.0,0.0
177427619.1704,0.0,0.0
177427621.1704,0.0,0.0
177427623.1704,0.0,0.0
177427625.1704,0.0,0.0
177427627.1704,0.0,0.0
177427629.1704,0.0,0.0
177427631.1704,0.0,0.0
177427633.1704,0.0,0.0
177427635.1704,0.0,0.0
177427637.1704,0.0,0.0
177427639.1704,0.0,0.0
177427641.1704,0.0,0.0
177427643.1704,0.0,0.0
177427645.1704,0.0,0.0
177427647.1704,0.0,0.0
177427649.1704,0.0,0.0
177427651.1704,0.0,0.0
177427653.1704,0.0,0.0
177427655.1704,0.0,0.0
177427657.1704,0.0,0.0
177427659.1704,0.0,0.0
177427661.1704,0.0,0.0
177427663.1704,0.0,0.0
177427665.1704,0.0,0.0
177427667.1704,0.0,0.0
177427669.1704,0.0,0.0
177427671.1704,0.0,0.0
177427673.1704,0.0,0.0
177427675.1704,0.0,0.0
177427677.1704,0.0,0.0
177427679.1704,0.0,0.0
177427681.1704,0.0,0.0
177427683.1704,0.0,0.0
177427685.1704,0.0,0.0
177427687.1704,0.0,0.0
177427689.1704,0.0,0.0
177427691.1704,0.0,0.0
177427693.1704,0.0,0.0
177427695.1704,0.0,0.0
177427697.1704,0.0,0.0
177427699.1704,0.0,0.0
177427701.1704,0.0,0.0
177427703.1704,0.0,0.0
177427705.1704,0.0,0.0
177427707.1704,0.0,0.0
177427709.1704,0.0,0.0
177427711.1704,0.0,0.0
177427713.1704,0.0,0.0
177427715.1704,0.0,0.0
177427717.1704,0.0,0.0
177427719.1704,0.0,0.0
177427721.1704,0.0,0.0
177427723.1704,0.0,0.0
177427725.1704,0.0,0.0
177427727.1704,0.0,0.0
177427729.1704,0.0,0.0
177427731.1704,0.0,0.0
177427733.1704,0.0,0.0
177427735.1704,0.0,0.0
177427737.1704,0.0,0.0
177427739.1704,0.0,0.0
177427741.1704,0.0,0.0
177427743.1704,0.0,0.0
177427745.1704,0.0,0.0
177427747.1704,0.0,0.0
177427749.1704,0.0,0.0
177427751.1704,0.0,0.0
177427753.1704,0.0,0.0
177427755.1704,0.0,0.0
177427757.1704,0.0,0.0
177427759.1704,0.0,0.0
177427761.1704,0.0,0.0
177427763.1704,0.0,0.0
177427765.1704,0.0,0.0
177427767.1704,0.0,0.0
177427769.1704,0.0,0.0
177427771.1704,0.0,0.0
177427773.1704,0.0,0.0
177427775.1704,0.0,0.0
177427777.1704,0.0,0.0
177427779.1704,0.0,0.0
177427781.1704,0.0,0.0
177427783.1704,0.0,0.0
177427785.1704,0.0,0.0
177427787.1704,0.0,0.0
177427789.1704,0.0,0.0
177427791.1704,0.0,0.0
177427793.1704,0.0,0.0
177427795.1704,0.0,0.0
177427797.1704,0.0,0.0
177427799.1704,0.0,0.0
177427801.1704,0.0,0.0
177427805.1704,0.0,0.0
177427807.1704,0.0,0.0
177427809.1704,0.0,0.0
177427811.1704,0.0,0.0
177427813.1704,0.0,0.0
177427815.1704,0.0,0.0
177427817.1704,0.0,0.0
177427819.1704,0.0,0.0
177427821.1704,0.0,0.0
177427823.1704,0.0,0.0
177427825.1704,0.0,0.0
177427827.1704,0.0,0.0
177427829.1704,0.0,0.0
177427831.1704,0.0,0.0
177427833.1704,0.0,0.0
177427835.1704,0.0,0.0
177427837.1704,0.0,0.0
177427839.1704,0.0,0.0
177427841.1704,0.0,0.0
177427843.1704,0.0,0.0
177427845.1704,0.0,0.0
177427847.1704,0.0,0.0
177427849.1704,0.0,0.0
177427851.1704,0.0,0.0
177427853.1704,0.0,0.0
177427855.1704,0.0,0.0
177427857.1704,0.0,0.0
177427859.1704,0.0,0.0
177427861.1704,0.0,0.0
177427863.1704,0.0,0.0
177427865.1704,0.0,0.0
177427867.1704,0.0,0.0
177427869.1704,0.0,0.0
177427871.1704,0.0,0.0
177427873.1704,0.0,0.0
177427875.1704,0.0,0.0
177427877.1704,0.0,0.0
177427879.1704,0.0,0.0
177427881.1704,0.0,0.0
177427883.1704,0.0,0.0
177427885.1704,0.0,0.0
177427887.1704,0.0,0.0
177427889.1704,0.0,0.0
177427891.1704,0.0,0.0
177427893.1704,0.0,0.0
177427895.1704,0.0,0.0
177427897.1704,0.0,0.0
177427899.1704,0.0,0.0
177427901.1704,0.0,0.0
177427903.1704,0.0,0.0
177427905.1704,0.0,0.0
177427907.1704,0.0,0.0
177427909.1704,0.0,0.0
177427911.1704,0.0,0.0
177427913.1704,0.0,0.0
177427915.1704,0.0,0.0
177427917.1704,0.0,0.0
177427919.1704,0.0,0.0
177427921.1704,0.0,0.0
177427923.1704,0.0,0.0
177427925.1704,0.0,0.0
177427927.1704,0.0,0.0
177427929.1704,0.0,0.0
177427931.1704,0.0,0.0
177427933.1704,0.0,0.0
177427935.1704,0.0,0.0
177427937.1704,0.0,0.0
177427939.1704,0.0,0.0
177427941.1704,0.0,0.0
177427943.1704,0.0,0.0
177427945.1704,0.0,0.0
177427947.1704,0.0,0.0
177427949.1704,0.0,0.0
177427951.1704,0.0,0.0
177427953.1704,0.0,0.0
177427955.1704,0.0,0.0
177427957.1704,0.0,0.0
177427959.1704,0.0,0.0
177427961.1704,0.0,0.0
177427963.1704,0.0,0.0
177427965.1704,0.0,0.0
177427967.1704,0.0,0.0
177427969.1704,0.0,0.0
177427971.1704,0.0,0.0
177427973.1704,0.0,0.0
177427975.1704,0.0,0.0
177427977.1704,0.0,0.0
177427979.1704,0.0,0.0
177427981.1704,0.0,0.0
177427983.1704,0.0,0.0
177427985.1704,0.0,0.0
177427987.1704,0.0,0.0
177427989.1704,0.0,0.0
177427991.1704,0.0,0.0
177427993.1704,0.0,0.0
177427995.1704,0.0,0.0
177427997.1704,0.0,0.0
177427999.1704,0.0,0.0
177428001.1704,0.0,0.0
177428003.1704,0.0,0.0
177428005.1704,0.0,0.0
177428007.1704,0.0,0.0
177428009.1704,0.0,0.0
177428011.1704,0.0,0.0
177428013.1704,0.0,0.0
177428015.1704,0.0,0.0
177428017.1704,0.0,0.0
177428019.1704,0.0,0.0
177428021.1704,0.0,0.0
177428023.1704,0.0,0.0
177428025.1704,0.0,0.0
177428027.1704,0.0,0.0
177428029.1704,0.0,0.0
177428031.1704,0.0,0.0
177428033.1704,0.0,0.0
177428035.1704,0.0,0.0
177428037.1704,0.0,0.0
177428039.1704,0.0,0.0
177428041.1704,0.0,0.0
177428043.1704,0.0,0.0
177428045.1704,0.0,0.0
177428047.1704,0.0,0.0
177428049.1704,0.0,0.0
177428051.1704,0.0,0.0
177428053.1704,0.0,0.0
177428055.1704,0.0,0.0
177428057.1704,0.0,0.0
177428059.1704,0.0,0.0
177428061.1704,0.0,0.0
177428063.1704,0.0,0.0
177428065.1704,0.0,0.0
177428067.1704,0.0,0.0
177428069.1704,0.0,0.0
177428071.1704,0.0,0.0
177428073.1704,0.0,0.0
177428075.1704,0.0,0.0
177428077.1704,0.0,0.0
177428079.1704,0.0,0.0
177428081.1704,0.0,0.0
177428083.1704,0.0,0.0
177428085.1704,0.0,0.0
177428087.1704,0.0,0.0
177428089.1704,0.0,0.0
177428091.1704,0.0,0.0
177428093.1704,0.0,0.0
177428095.1704,0.0,0.0
177428097.1704,0.0,0.0
177428099.1704,0.0,0.0
177428101.1704,0.0,0.0
177428103.1704,0.0,0.0
177428105.1704,0.0,0.0
177428107.1704,0.0,0.0
177428109.1704,0.0,0.0
177428111.1704,0.0,0.0
177428113.1704,0.0,0.0
177428115.1704,0.0,0.0
177428117.1704,0.0,0.0
177428119.1704,0.0,0.0
177428121.1704,0.0,0.0
177428123.1704,0.0,0.0
177428125.1704,0.0,0.0
177428127.1704,0.0,0.0
177428129.1704,0.0,0.0
177428131.1704,0.0,0.0
177428133.1704,0.0,0.0
177428135.1704,0.0,0.0
177428137.1704,0.0,0.0
177428139.1704,0.0,0.0
177428141.1704,0.0,0.0
177428143.1704,0.0,0.0
177428145.1704,0.0,0.0
177428147.1704,0.0,0.0
177428149.1704,0.0,0.0
177428151.1704,0.0,0.0
177428153.1704,0.0,0.0
177428155.1704,0.0,0.0
177428157.1704,0.0,0.0
177428159.1704,0.0,0.0
177428161.1704,0.0,0.0
177428163.1704,0.0,0.0
177428165.1704,0.0,0.0
177428167.1704,0.0,0.0
177428169.1704,0.0,0.0
177428171.1704,0.0,0.0
177428173.1704,0.0,0.0
177428175.1704,0.0,0.0
177428177.1704,0.0,0.0
177428179.1704,0.0,0.0
177428181.1704,0.0,0.0
177428183.1704,0.0,0.0
177428185.1704,0.0,0.0
177428187.1704,0.0,0.0
177428189.1704,0.0,0.0
177428191.1704,0.0,0.0
177428193.1704,0.0,0.0
177428195.1704,0.0,0.0
177428197.1704,0.0,0.0
177428199.1704,0.0,0.0
177428201.1704,0.0,0.0
177428203.1704,0.0,0.0
177428205.1704,0.0,0.0
177428207.1704,0.0,0.0
177428209.1704,0.0,0.0
177428211.1704,0.0,0.0
177428213.1704,0.0,0.0
177428215.1704,0.0,0.0
177428217.1704,0.0,0.0
177428219.1704,0.0,0.0
177428221.1704,0.0,0.0
177428223.1704,0.0,0.0
177428225.1704,0.0,0.0
177428227.1704,0.0,0.0
177428229.1704,0.0,0.0
177428231.1704,0.0,0.0
177428233.1704,0.0,0.0
177428235.1704,0.0,0.0
177428237.1704,0.0,0.0
177428239.1704,0.0,0.0
177428241.1704,0.0,0.0
177428243.1704,0.0,0.0
177428245.1704,0.0,0.0
177428247.1704,0.0,0.0
177428249.1704,0.0,0.0
177428251.1704,0.0,0.0
177428253.1704,0.0,0.0
177428255.1704,0.0,0.0
177428257.1704,0.0,0.0
177428259.1704,0.0,0.0
177428261.1704,0.0,0.0
177428263.1704,0.0,0.0
177428265.1704,0.0,0.0
177428267.1704,0.0,0.0
177428269.1704,0.0,0.0
177428271.1704,0.0,0.0
177428273.1704,0.0,0.0
177428275.1704,0.0,0.0
177428277.1704,0.0,0.0
177428279.1704,0.0,0.0
177428281.1704,0.0,0.0
177428283.1704,0.0,0.0
177428285.1704,0.0,0.0
177428287.1704,0.0,0.0
177428289.1704,0.0,0.0
177428291.1704,0.0,0.0
177428293.1704,0.0,0.0
177428295.1704,0.0,0.0
177428297.1704,0.0,0.0
177428299.1704,0.0,0.0
177428301.1704,0.0,0.0
177428303.1704,0.0,0.0
177428305.1704,0.0,0.0
177428307.1704,0.0,0.0
177428309.1704,0.0,0.0
177428311.1704,0.0,0.0
177428313.1704,0.0,0.0
177428315.1704,0.0,0.0
177428317.1704,0.0,0.0
177428319.1704,0.0,0.0
177428321.1704,0.0,0.0
177428323.1704,0.0,0.0
177428325.1704,0.0,0.0
177428327.1704,0.0,0.0
177428329.1704,0.0,0.0
177428331.1704,0.0,0.0
177428333.1704,0.0,0.0
177428335.1704,0.0,0.0
177428337.1704,0.0,0.0
177428339.1704,0.0,0.0
177428341.1704,0.0,0.0
177428343.1704,0.0,0.0
177428345.1704,0.0,0.0
177428347.1704,0.0,0.0
177428349.1704,0.0,0.0
177428351.1704,0.0,0.0
177428353.1704,0.0,0.0
177428355.1704,0.0,0.0
177428357.1704,0.0,0.0
177428359.1704,0.0,0.0
177428361.1704,0.0,0.0
177428363.1704,0.0,0.0
177428365.1704,0.0,0.0
177428367.1704,0.0,0.0
177428369.1704,0.0,0.0
177428371.1704,0.0,0.0
177428373.1704,0.0,0.0
177428375.1704,0.0,0.0
177428377.1704,0.0,0.0
177428379.1704,0.0,0.0
177428381.1704,0.0,0.0
177428383.1704,0.0,0.0
177428385.1704,0.0,0.0
177428387.1704,0.0,0.0
177428389.1704,0.0,0.0
177428391.1704,0.0,0.0
177428393.1704,0.0,0.0
177428395.0704,0.0,0.0
177428397.0704,0.0,0.0
177428399.0704,0.0,0.0
177428401.0704,0.0,0.0
177428403.0704,0.0,0.0
177428405.0704,0.0,0.0
177428407.0704,0.0,0.0
177428409.0704,0.0,0.0
177428411.0704,0.0,0.0
177428413.0704,0.0,0.0
177428415.0704,0.0,0.0
177428417.0704,0.0,0.0
177428419.0704,0.0,0.0
177428421.0704,0.0,0.0
177428423.0704,0.0,0.0
177428425.0704,0.0,0.0
177428427.0704,0.0,0.0
177428429.0704,0.0,0.0
177428431.0704,0.0,0.0
177428433.0704,0.0,0.0
177428435.0704,0.0,0.0
177428437.0704,0.0,0.0
177428439.0704,0.0,0.0
177428441.0704,0.0,0.0
177428443.0704,0.0,0.0
177428445.0704,0.0,0.0
177428447.0704,0.0,0.0
177428449.0704,0.0,0.0
177428451.0704,0.0,0.0
177428453.0704,0.0,0.0
177428455.0704,0.0,0.0
177428457.0704,0.0,0.0
177428459.0704,0.0,0.0
177428461.0704,0.0,0.0
177428463.0704,0.0,0.0
177428465.0704,0.0,0.0
177428467.0704,0.0,0.0
177428469.0704,0.0,0.0
177428471.0704,0.0,0.0
177428473.0704,0.0,0.0
177428475.0704,0.0,0.0
177428477.0704,0.0,0.0
177428479.0704,0.0,0.0
177428481.0704,0.0,0.0
177428483.0704,0.0,0.0
177428485.0704,0.0,0.0
177428487.0704,0.0,0.0
177428489.0704,0.0,0.0
177428491.0704,0.0,0.0
177428493.0704,0.0,0.0
177428495.0704,0.0,0.0
177428497.0704,0.0,0.0
177428499.0704,0.0,0.0
177428501.0704,0.0,0.0
177428503.0704,0.0,0.0
177428505.0704,0.0,0.0
177428507.0704,0.0,0.0
177428509.0704,0.0,0.0
177428511.0704,0.0,0.0
177428513.1704,0.0,0.0
177428515.0704,0.0,0.0
177428517.0704,0.0,0.0
177428519.0704,0.0,0.0
177428521.0704,0.0,0.0
177428523.0704,0.0,0.0
177428525.0704,0.0,0.0
177428527.0704,0.0,0.0
177428529.0704,0.0,0.0
177428531.0704,0.0,0.0
177428533.0704,0.0,0.0
177428535.0704,0.0,0.0
177428537.0704,0.0,0.0
177428539.0704,0.0,0.0
177428541.0704,0.0,0.0
177428543.0704,0.0,0.0
177428545.0704,0.0,0.0
177428547.0704,0.0,0.0
177428549.0704,0.0,0.0
177428551.0704,0.0,0.0
177428553.0704,0.0,0.0
177428555.0704,0.0,0.0
177428557.0704,0.0,0.0
177428559.0704,0.0,0.0
177428561.0704,0.0,0.0
177428563.0704,0.0,0.0
177428565.0704,0.0,0.0
177428567.0704,0.0,0.0
177428569.0704,0.0,0.0
177428571.0704,0.0,0.0
177428573.0704,0.0,0.0
177428575.0704,0.0,0.0
177428577.0704,0.0,0.0
177428579.0704,0.0,0.0
177428581.0704,0.0,0.0
177428583.0704,0.0,0.0
177428585.0704,0.0,0.0
177428587.0704,0.0,0.0
177428589.0704,0.0,0.0
177428591.0704,0.0,0.0
177428593.0704,0.0,0.0
177428595.0704,0.0,0.0
177428597.0704,0.0,0.0
177428599.0704,0.0,0.0
177428601.0704,0.0,0.0
177428603.0704,0.0,0.0
177428605.0704,0.0,0.0
177428607.0704,0.0,0.0
177428609.0704,0.0,0.0
177428611.0704,0.0,0.0
177428613.0704,0.0,0.0
177428615.0704,0.0,0.0
177428617.0704,0.0,0.0
177428619.0704,0.0,0.0
177428621.0704,0.0,0.0
177428623.0704,0.0,0.0
177428625.0704,0.0,0.0
177428627.0704,0.0,0.0
177428629.0704,0.0,0.0
177428631.0704,0.0,0.0
177428633.0704,0.0,0.0
177428635.0704,0.0,0.0
177428637.0704,0.0,0.0
177428639.0704,0.0,0.0
177428641.0704,0.0,0.0
177428643.0704,0.0,0.0
177428645.0704,0.0,0.0
177428647.0704,0.0,0.0
177428649.0704,0.0,0.0
177428651.0704,0.0,0.0
177428653.0704,0.0,0.0
177428655.0704,0.0,0.0
177428657.0704,0.0,0.0
177428659.0704,0.0,0.0
177428661.0704,0.0,0.0
177428663.0704,0.0,0.0
177428665.0704,0.0,0.0
177428667.0704,0.0,0.0
177428669.0704,0.0,0.0
177428671.0704,0.0,0.0
177428673.0704,0.0,0.0
177428675.0704,0.0,0.0
177428677.0704,0.0,0.0
177428679.0704,0.0,0.0
177428681.0704,0.0,0.0
177428683.0704,0.0,0.0
177428685.0704,0.0,0.0
177428687.0704,0.0,0.0
177428689.0704,0.0,0.0
177428691.0704,0.0,0.0
177428693.0704,0.0,0.0
177428695.0704,0.0,0.0
177428697.0704,0.0,0.0
177428699.0704,0.0,0.0
177428701.0704,0.0,0.0
177428703.0704,0.0,0.0
177428705.0704,0.0,0.0
177428707.0704,0.0,0.0
177428709.0704,0.0,0.0
177428711.0704,0.0,0.0
177428713.0704,0.0,0.0
177428715.0704,0.0,0.0
177428717.0704,0.0,0.0
177428719.0704,0.0,0.0
177428721.0704,0.0,0.0
177428723.0704,0.0,0.0
177428725.0704,0.0,0.0
177428727.0704,0.0,0.0
177428729.0704,0.0,0.0
177428731.0704,0.0,0.0
177428733.0704,0.0,0.0
177428735.0704,0.0,0.0
177428737.0704,0.0,0.0
177428739.0704,0.0,0.0
177428741.0704,0.0,0.0
177428742.9704,0.0,0.0
177428744.9704,0.0,0.0
177428746.9704,0.0,0.0
177428748.9704,0.0,0.0
177428750.9704,0.0,0.0
177428752.9704,0.0,0.0
177428754.9704,0.0,0.0
177428756.9704,0.0,0.0
177428758.9704,0.0,0.0
177428760.9704,0.0,0.0
177428762.9704,0.0,0.0
177428764.9704,0.0,0.0
177428766.9704,0.0,0.0
177428768.9704,0.0,0.0
177428770.9704,0.0,0.0
177428772.9704,0.0,0.0
177428774.9704,0.0,0.0
177428776.9704,0.0,0.0
177428778.9704,0.0,0.0
177428780.9704,0.0,0.0
177428782.9704,0.0,0.0
177428784.9704,0.0,0.0
177428786.9704,0.0,0.0
177428788.9704,0.0,0.0
177428790.9704,0.0,0.0
177428792.9704,0.0,0.0
177428794.9704,0.0,0.0
177428796.9704,0.0,0.0
177428798.9704,0.0,0.0
177428800.9704,0.0,0.0
177428802.9704,0.0,0.0
177428804.9704,0.0,0.0
177428806.9704,0.0,0.0
177428808.9704,0.0,0.0
177428810.9704,0.0,0.0
177428812.9704,0.0,0.0
177428814.9704,0.0,0.0
177428816.9704,0.0,0.0
177428818.9704,0.0,0.0
177428820.9704,0.0,0.0
177428822.9704,0.0,0.0
177428824.9704,0.0,0.0
177428826.9704,0.0,0.0
177428828.9704,0.0,0.0
177428830.9704,0.0,0.0
177428832.9704,0.0,0.0
177428834.9704,0.0,0.0
177428836.9704,0.0,0.0
177428838.9704,0.0,0.0
177428840.9704,0.0,0.0
177428842.9704,0.0,0.0
177428844.9704,0.0,0.0
177428846.9704,0.0,0.0
177428848.9704,0.0,0.0
177428850.9704,0.0,0.0
177428852.9704,0.0,0.0
177428854.9704,0.0,0.0
177428856.9704,0.0,0.0
177428858.9704,0.0,0.0
177428860.9704,0.0,0.0
177428862.9704,0.0,0.0
177428864.9704,0.0,0.0
177428866.9704,0.0,0.0
177428868.9704,0.0,0.0
177428870.9704,0.0,0.0
177428872.9704,0.0,0.0
177428874.9704,0.0,0.0
177428876.9704,0.0,0.0
177428878.9704,0.0,0.0
177428880.9704,0.0,0.0
177428882.9704,0.0,0.0
177428884.9704,0.0,0.0
177428886.9704,0.0,0.0
177428888.9704,0.0,0.0
177428890.9704,0.0,0.0
177428892.9704,0.0,0.0
177428894.9704,0.0,0.0
177428896.9704,0.0,0.0
177428898.9704,0.0,0.0
177428900.9704,0.0,0.0
177428902.9704,0.0,0.0
177428904.9704,0.0,0.0
177428906.9704,0.0,0.0
177428908.9704,0.0,0.0
177428910.9704,0.0,0.0
177428912.9704,0.0,0.0
177428914.9704,0.0,0.0
177428916.9704,0.0,0.0
177428918.9704,0.0,0.0
177428920.9704,0.0,0.0
177428922.9704,0.0,0.0
177428924.9704,0.0,0.0
177428926.9704,0.0,0.0
177428928.9704,0.0,0.0
177428930.9704,0.0,0.0
177428932.9704,0.0,0.0
177428934.9704,0.0,0.0
177428936.9704,0.0,0.0
177428938.9704,0.0,0.0
177428940.9704,0.0,0.0
177428942.9704,0.0,0.0
177428944.9704,0.0,0.0
177428946.9704,0.0,0.0
177428948.9704,0.0,0.0
177428950.9704,0.0,0.0
177428952.9704,0.0,0.0
177428954.9704,0.0,0.0
177428956.9704,0.0,0.0
177428958.9704,0.0,0.0
177428960.9704,0.0,0.0
177428962.9704,0.0,0.0
177428964.9704,0.0,0.0
177428966.9704,0.0,0.0
177428968.9704,0.0,0.0
177428970.9704,0.0,0.0
177428972.9704,0.0,0.0
177428974.9704,0.0,0.0
177428976.9704,0.0,0.0
177428978.9704,0.0,0.0
177428980.9704,0.0,0.0
177428982.9704,0.0,0.0
177428984.9704,0.0,0.0
177428986.9704,0.0,0.0
177428988.9704,0.0,0.0
177428990.9704,0.0,0.0
177428992.9704,0.0,0.0
177428994.9704,0.0,0.0
177428996.9704,0.0,0.0
177428998.9704,0.0,0.0
177429000.9704,0.0,0.0
177429002.9704,0.0,0.0
177429004.9704,0.0,0.0
177429006.9704,0.0,0.0
177429008.9704,0.0,0.0
177429010.9704,0.0,0.0
177429012.9704,0.0,0.0
177429014.9704,0.0,0.0
177429016.9704,0.0,0.0
177429018.9704,0.0,0.0
177429020.9704,0.0,0.0
177429022.9704,0.0,0.0
177429024.9704,0.0,0.0
177429026.9704,0.0,0.0
177429028.9704,0.0,0.0
177429030.9704,0.0,0.0
177429032.9704,0.0,0.0
177429034.9704,0.0,0.0
177429036.9704,0.0,0.0
177429038.9704,0.0,0.0
177429040.9704,0.0,0.0
177429042.9704,0.0,0.0
177429044.9704,0.0,0.0
177429046.9704,0.0,0.0
177429048.9704,0.0,0.0
177429050.9704,0.0,0.0
177429052.9704,0.0,0.0
177429054.9704,0.0,0.0
177429056.9704,0.0,0.0
177429058.9704,0.0,0.0
177429060.9704,0.0,0.0
177429062.9704,0.0,0.0
177429065.0704,0.0,0.0
177429066.9704,0.0,0.0
177429068.9704,0.0,0.0
177429070.9704,0.0,0.0
177429072.9704,0.0,0.0
177429074.9704,0.0,0.0
177429076.9704,0.0,0.0
177429078.9704,0.0,0.0
177429080.9704,0.0,0.0
177429082.9704,0.0,0.0
177429084.9704,0.0,0.0
177429086.9704,0.0,0.0
177429088.9704,0.0,0.0
177429090.9704,0.0,0.0
177429092.9704,0.0,0.0
177429094.9704,0.0,0.0
177429096.9704,0.0,0.0
177429098.9704,0.0,0.0
177429100.9704,0.0,0.0
177429102.9704,0.0,0.0
177429104.9704,0.0,0.0
177429106.9704,0.0,0.0
177429108.9704,0.0,0.0
177429110.9704,0.0,0.0
177429112.9704,0.0,0.0
177429114.9704,0.0,0.0
177429116.9704,0.0,0.0
177429118.9704,0.0,0.0
177429120.9704,0.0,0.0
177429122.9704,0.0,0.0
177429124.9704,0.0,0.0
177429126.9704,0.0,0.0
177429128.9704,0.0,0.0
177429130.9704,0.0,0.0
177429132.9704,0.0,0.0
177429134.9704,0.0,0.0
177429136.9704,0.0,0.0
177429138.9704,0.0,0.0
177429140.9704,0.0,0.0
177429142.9704,0.0,0.0
177429144.9704,0.0,0.0
177429146.9704,0.0,0.0
177429148.9704,0.0,0.0
177429150.9704,0.0,0.0
177429152.9704,0.0,0.0
177429154.9704,0.0,0.0
177429156.9704,0.0,0.0
177429158.9704,0.0,0.0
177429160.9704,0.0,0.0
177429162.9704,0.0,0.0
177429164.9704,0.0,0.0
177429166.9704,0.0,0.0
177429168.9704,0.0,0.0
177429170.9704,0.0,0.0
177429172.9704,0.0,0.0
177429174.9704,0.0,0.0
177429176.9704,0.0,0.0
177429178.9704,0.0,0.0
177429180.9704,0.0,0.0
177429182.9704,0.0,0.0
177429184.9704,0.0,0.0
177429186.9704,0.0,0.0
177429188.9704,0.0,0.0
177429190.9704,0.0,0.0
177429192.9704,0.0,0.0
177429194.9704,0.0,0.0
177429196.9704,0.0,0.0
177429198.9704,0.0,0.0
177429200.9704,0.0,0.0
177429202.9704,0.0,0.0
177429204.9704,0.0,0.0
177429206.9704,0.0,0.0
177429208.9704,0.0,0.0
177429210.9704,0.0,0.0
177429212.9704,0.0,0.0
177429214.9704,0.0,0.0
177429216.9704,0.0,0.0
177429218.9704,0.0,0.0
177429220.9704,0.0,0.0
177429222.9704,0.0,0.0
177429224.9704,0.0,0.0
177429226.9704,0.0,0.0
177429228.9704,0.0,0.0
177429230.9704,0.0,0.0
177429232.9704,0.0,0.0
177429234.9704,0.0,0.0
177429236.9704,0.0,0.0
177429238.9704,0.0,0.0
177429240.9704,0.0,0.0
177429242.9704,0.0,0.0
177429244.9704,0.0,0.0
177429246.9704,0.0,0.0
177429248.9704,0.0,0.0
177429250.9704,0.0,0.0
177429252.9704,0.0,0.0
177429254.9704,0.0,0.0
177429256.9704,0.0,0.0
177429258.9704,0.0,0.0
177429260.9704,0.0,0.0
177429262.9704,0.0,0.0
177429264.9704,0.0,0.0
177429266.9704,0.0,0.0
177429268.9704,0.0,0.0
177429270.9704,0.0,0.0
177429272.9704,0.0,0.0
177429274.9704,0.0,0.0
177429276.9704,0.0,0.0
177429278.9704,0.0,0.0
177429280.9704,0.0,0.0
177429282.9704,0.0,0.0
177429284.9704,0.0,0.0
177429286.9704,0.0,0.0
177429288.9704,0.0,0.0
177429290.9704,0.0,0.0
177429292.9704,0.0,0.0
177429294.9704,0.0,0.0
177429296.9704,0.0,0.0
177429298.9704,0.0,0.0
177429300.9704,0.0,0.0
177429302.9704,0.0,0.0
177429304.9704,0.0,0.0
177429306.9704,0.0,0.0
177429308.9704,0.0,0.0
177429310.9704,0.0,0.0
177429312.9704,0.0,0.0
177429314.9704,0.0,0.0
177429316.9704,0.0,0.0
177429318.9704,0.0,0.0
177429320.9704,0.0,0.0
177429322.9704,0.0,0.0
177429324.9704,0.0,0.0
177429326.9704,0.0,0.0
177429328.9704,0.0,0.0
177429330.9704,0.0,0.0
177429332.9704,0.0,0.0
177429334.9704,0.0,0.0
177429336.9704,0.0,0.0
177429338.9704,0.0,0.0
177429340.9704,0.0,0.0
177429342.9704,0.0,0.0
177429344.9704,0.0,0.0
177429346.9704,0.0,0.0
177429348.9704,0.0,0.0
177429350.9704,0.0,0.0
177429352.9704,0.0,0.0
177429354.9704,0.0,0.0
177429356.9704,0.0,0.0
177429358.9704,0.0,0.0
177429360.9704,0.0,0.0
177429362.9704,0.0,0.0
177429364.9704,0.0,0.0
177429366.9704,0.0,0.0
177429368.9704,0.0,0.0
177429370.9704,0.0,0.0
177429372.9704,0.0,0.0
177429374.9704,0.0,0.0
177429376.9704,0.0,0.0
177429378.9704,0.0,0.0
177429380.9704,0.0,0.0
177429382.9704,0.0,0.0
177429384.9704,0.0,0.0
177429386.9704,0.0,0.0
177429388.9704,0.0,0.0
177429390.9704,0.0,0.0
177429392.9704,0.0,0.0
177429394.9704,0.0,0.0
177429396.9704,0.0,0.0
177429398.9704,0.0,0.0
177429400.9704,0.0,0.0
177429402.9704,0.0,0.0
177429404.9704,0.0,0.0
177429406.9704,0.0,0.0
177429408.9704,0.0,0.0
177429410.9704,0.0,0.0
177429412.9704,0.0,0.0
177429414.9704,0.0,0.0
177429416.9704,0.0,0.0
177429418.9704,0.0,0.0
177429420.9704,0.0,0.0
177429422.9704,0.0,0.0
177429424.9704,0.0,0.0
177429426.9704,0.0,0.0
177429428.9704,0.0,0.0
177429430.9704,0.0,0.0
177429432.9704,0.0,0.0
177429434.9704,0.0,0.0
177429436.9704,0.0,0.0
177429438.9704,0.0,0.0
177429440.9704,0.0,0.0
177429442.9704,0.0,0.0
177429444.9704,0.0,0.0
177429446.9704,0.0,0.0
177429448.9704,0.0,0.0
177429450.9704,0.0,0.0
177429452.9704,0.0,0.0
177429454.9704,0.0,0.0
177429456.9704,0.0,0.0
177429458.9704,0.0,0.0
177429460.9704,0.0,0.0
177429462.9704,0.0,0.0
177429464.9704,0.0,0.0
177429466.9704,0.0,0.0
177429468.9704,0.0,0.0
177429470.9704,0.0,0.0
177429472.9704,0.0,0.0
177429474.9704,0.0,0.0
177429476.9704,0.0,0.0
177429478.9704,0.0,0.0
177429480.9704,0.0,0.0
177429482.9704,0.0,0.0
177429484.9704,0.0,0.0
177429486.9704,0.0,0.0
177429488.9704,0.0,0.0
177429490.9704,0.0,0.0
177429492.9704,0.0,0.0
177429494.9704,0.0,0.0
177429496.9704,0.0,0.0
177429498.9704,0.0,0.0
177429500.9704,0.0,0.0
177429502.9704,0.0,0.0
177429504.9704,0.0,0.0
177429506.9704,0.0,0.0
177429508.9704,0.0,0.0
177429510.9704,0.0,0.0
177429512.9704,0.0,0.0
177429514.9704,0.0,0.0
177429516.9704,0.0,0.0
177429518.9704,0.0,0.0
177429520.9704,0.0,0.0
177429522.9704,0.0,0.0
177429524.9704,0.0,0.0
177429526.9704,0.0,0.0
177429528.9704,0.0,0.0
177429530.9704,0.0,0.0
177429532.9704,0.0,0.0
177429534.9704,0.0,0.0
177429536.9704,0.0,0.0
177429538.9704,0.0,0.0
177429540.9704,0.0,0.0
177429542.9704,0.0,0.0
177429544.9704,0.0,0.0
177429546.9704,0.0,0.0
177429548.9704,0.0,0.0
177429550.9704,0.0,0.0
177429552.9704,0.0,0.0
177429554.9704,0.0,0.0
177429556.9704,0.0,0.0
177429558.9704,0.0,0.0
177429560.9704,0.0,0.0
177429562.9704,0.0,0.0
177429564.9704,0.0,0.0
177429566.9704,0.0,0.0
177429568.9704,0.0,0.0
177429570.9704,0.0,0.0
177429572.9704,0.0,0.0
177429574.9704,0.0,0.0
177429576.9704,0.0,0.0
177429578.9704,0.0,0.0
177429580.9704,0.0,0.0
177429582.9704,0.0,0.0
177429584.9704,0.0,0.0
177429586.9704,0.0,0.0
177429588.9704,0.0,0.0
177429590.9704,0.0,0.0
177429592.9704,0.0,0.0
177429594.9704,0.0,0.0
177429596.9704,0.0,0.0
177429598.9704,0.0,0.0
177429600.9704,0.0,0.0
177429602.9704,0.0,0.0
177429604.9704,0.0,0.0
177429606.9704,0.0,0.0
177429608.9704,0.0,0.0
177429610.9704,0.0,0.0
177429612.9704,0.0,0.0
177429614.9704,0.0,0.0
177429616.9704,0.0,0.0
177429618.9704,0.0,0.0
177429620.9704,0.0,0.0
177429622.9704,0.0,0.0
177429624.9704,0.0,0.0
177429626.9704,0.0,0.0
177429628.9704,0.0,0.0
177429630.9704,0.0,0.0
177429632.9704,0.0,0.0
177429634.9704,0.0,0.0
177429636.9704,0.0,0.0
177429638.9704,0.0,0.0
177429640.9704,0.0,0.0
177429642.9704,0.0,0.0
177429644.9704,0.0,0.0
177429646.9704,0.0,0.0
177429648.9704,0.0,0.0
177429650.9704,0.0,0.0
177429652.9704,0.0,0.0
177429654.9704,0.0,0.0
177429656.9704,0.0,0.0
177429658.9704,0.0,0.0
177429660.9704,0.0,0.0
177429662.9704,0.0,0.0
177429664.9704,0.0,0.0
177429666.9704,0.0,0.0
177429668.9704,0.0,0.0
177429670.9704,0.0,0.0
177429672.9704,0.0,0.0
177429674.9704,0.0,0.0
177429676.9704,0.0,0.0
177429678.9704,0.0,0.0
177429680.9704,0.0,0.0
177429682.9704,0.0,0.0
177429684.9704,0.0,0.0
177429686.9704,0.0,0.0
177429688.9704,0.0,0.0
177429690.9704,0.0,0.0
177429692.9704,0.0,0.0
177429694.9704,0.0,0.0
177429696.9704,0.0,0.0
177429698.9704,0.0,0.0
177429700.9704,0.0,0.0
177429702.9704,0.0,0.0
177429704.9704,0.0,0.0
177429706.9704,0.0,0.0
177429708.9704,0.0,0.0
177429710.9704,0.0,0.0
177429712.9704,0.0,0.0
177429714.9704,0.0,0.0
177429716.9704,0.0,0.0
177429718.9704,0.0,0.0
177429720.9704,0.0,0.0
177429722.9704,0.0,0.0
177429724.9704,0.0,0.0
177429726.9704,0.0,0.0
177429728.9704,0.0,0.0
177429730.9704,0.0,0.0
177429732.9704,0.0,0.0
177429734.9704,0.0,0.0
177429736.9704,0.0,0.0
177429738.9704,0.0,0.0
177429740.9704,0.0,0.0
177429742.9704,0.0,0.0
177429744.9704,0.0,0.0
177429746.9704,0.0,0.0
177429748.9704,0.0,0.0
177429750.9704,0.0,0.0
177429752.9704,0.0,0.0
177429754.9704,0.0,0.0
177429756.9704,0.0,0.0
177429758.9704,0.0,0.0
177429760.9704,0.0,0.0
177429762.9704,0.0,0.0
177429764.9704,0.0,0.0
177429766.9704,0.0,0.0
177429768.9704,0.0,0.0
177429770.9704,0.0,0.0
177429772.9704,0.0,0.0
177429774.9704,0.0,0.0
177429776.9704,0.0,0.0
177429778.9704,0.0,0.0
177429780.9704,0.0,0.0
177429782.9704,0.0,0.0
177429784.9704,0.0,0.0
177429786.9704,0.0,0.0
177429788.9704,0.0,0.0
177429790.9704,0.0,0.0
177429792.9704,0.0,0.0
177429794.9704,0.0,0.0
177429796.9704,0.0,0.0
177429798.9704,0.0,0.0
177429800.9704,0.0,0.0
177429802.9704,0.0,0.0
177429804.9704,0.0,0.0
177429806.9704,0.0,0.0
177429808.9704,0.0,0.0
177429810.9704,0.0,0.0
177429812.9704,0.0,0.0
177429814.9704,0.0,0.0
177429816.9704,0.0,0.0
177429818.9704,0.0,0.0
177429820.9704,0.0,0.0
177429822.9704,0.0,0.0
177429824.9704,0.0,0.0
177429826.9704,0.0,0.0
177429828.9704,0.0,0.0
177429830.9704,0.0,0.0
177429832.9704,0.0,0.0
177429834.9704,0.0,0.0
177429836.9704,0.0,0.0
177429838.9704,0.0,0.0
177429840.9704,0.0,0.0
177429842.9704,0.0,0.0
177429844.9704,0.0,0.0
177429846.9704,0.0,0.0
177429848.9704,0.0,0.0
177429850.9704,0.0,0.0
177429852.9704,0.0,0.0
177429854.9704,0.0,0.0
177429856.9704,0.0,0.0
177429858.9704,0.0,0.0
177429860.9704,0.0,0.0
177429862.9704,0.0,0.0
177429864.9704,0.0,0.0
177429866.9704,0.0,0.0
177429868.9704,0.0,0.0
177429870.9704,0.0,0.0
177429872.9704,0.0,0.0
177429874.9704,0.0,0.0
177429876.9704,0.0,0.0
177429878.9704,0.0,0.0
177429880.9704,0.0,0.0
177429882.9704,0.0,0.0
177429884.9704,0.0,0.0
177429886.9704,0.0,0.0
177429888.9704,0.0,0.0
177429890.9704,0.0,0.0
177429892.9704,0.0,0.0
177429894.9704,0.0,0.0
177429896.9704,0.0,0.0
177429898.9704,0.0,0.0
177429900.9704,0.0,0.0
177429902.9704,0.0,0.0
177429904.9704,0.0,0.0
177429906.9704,0.0,0.0
177429908.9704,0.0,0.0
177429910.9704,0.0,0.0
177429912.9704,0.0,0.0
177429914.9704,0.0,0.0
177429916.9704,0.0,0.0
177429918.9704,0.0,0.0
177429920.9704,0.0,0.0
177429922.9704,0.0,0.0
177429924.9704,0.0,0.0
177429926.9704,0.0,0.0
177429928.9704,0.0,0.0
177429930.9704,0.0,0.0
177429932.9704,0.0,0.0
177429934.9704,0.0,0.0
177429936.9704,0.0,0.0
177429938.9704,0.0,0.0
177429940.9704,0.0,0.0
177429942.9704,0.0,0.0
177429944.9704,0.0,0.0
177429946.9704,0.0,0.0
177429948.9704,0.0,0.0
177429950.9704,0.0,0.0
177429952.9704,0.0,0.0
177429954.9704,0.0,0.0
177429956.9704,0.0,0.0
177429958.9704,0.0,0.0
177429960.9704,0.0,0.0
177429962.9704,0.0,0.0
177429964.9704,0.0,0.0
177429966.9704,0.0,0.0
177429968.9704,0.0,0.0
177429970.9704,0.0,0.0
177429972.9704,0.0,0.0
177429974.9704,0.0,0.0
177429976.9704,0.0,0.0
177429978.9704,0.0,0.0
177429980.9704,0.0,0.0
177429982.9704,0.0,0.0
177429984.9704,0.0,0.0
177429986.9704,0.0,0.0
177429988.9704,0.0,0.0
177429990.9704,0.0,0.0
177429992.9704,0.0,0.0
177429994.9704,0.0,0.0
177429996.9704,0.0,0.0
177429998.9704,0.0,0.0
177430000.9704,0.0,0.0
177430002.9704,0.0,0.0
177430004.9704,0.0,0.0
177430006.9704,0.0,0.0
177430008.9704,0.0,0.0
177430010.9704,0.0,0.0
177430012.9704,0.0,0.0
177430014.9704,0.0,0.0
177430016.9704,0.0,0.0
177430018.9704,0.0,0.0
177430020.9704,0.0,0.0
177430022.9704,0.0,0.0
177430024.9704,0.0,0.0
177430026.9704,0.0,0.0
177430028.9704,0.0,0.0
177430030.9704,0.0,0.0
177430032.9704,0.0,0.0
177430034.9704,0.0,0.0
177430036.9704,0.0,0.0
177430038.9704,0.0,0.0
177430040.9704,0.0,0.0
177430042.9704,0.0,0.0
177430044.9704,0.0,0.0
177430046.9704,0.0,0.0
177430048.9704,0.0,0.0
177430050.9704,0.0,0.0
177430052.9704,0.0,0.0
177430054.9704,0.0,0.0
177430056.9704,0.0,0.0
177430058.9704,0.0,0.0
177430060.9704,0.0,0.0
177430062.9704,0.0,0.0
177430064.9704,0.0,0.0
177430066.9704,0.0,0.0
177430068.9704,0.0,0.0
177430070.9704,0.0,0.0
177430072.9704,0.0,0.0
177430074.9704,0.0,0.0
177430076.9704,0.0,0.0
177430078.9704,0.0,0.0
177430080.9704,0.0,0.0
177430082.9704,0.0,0.0
177430084.9704,0.0,0.0
177430086.9704,0.0,0.0
177430088.9704,0.0,0.0
177430090.9704,0.0,0.0
177430092.9704,0.0,0.0
177430094.9704,0.0,0.0
177430096.9704,0.0,0.0
177430098.9704,0.0,0.0
177430100.9704,0.0,0.0
177430102.9704,0.0,0.0
177430104.9704,0.0,0.0
177430106.9704,0.0,0.0
177430108.9704,0.0,0.0
177430110.9704,0.0,0.0
177430112.9704,0.0,0.0
177430114.9704,0.0,0.0
177430116.9704,0.0,0.0
177430118.9704,0.0,0.0
177430120.9704,0.0,0.0
177430122.9704,0.0,0.0
177430124.9704,0.0,0.0
177430126.9704,0.0,0.0
177430128.9704,0.0,0.0
177430130.9704,0.0,0.0
177430132.9704,0.0,0.0
177430134.9704,0.0,0.0
177430136.9704,0.0,0.0
177430138.9704,0.0,0.0
177430140.9704,0.0,0.0
177430142.9704,0.0,0.0
177430144.9704,0.0,0.0
177430146.9704,0.0,0.0
177430149.0704,0.0,0.0
177430150.9704,0.0,0.0
177430152.9704,0.0,0.0
177430154.9704,0.0,0.0
177430156.9704,0.0,0.0
177430158.9704,0.0,0.0
177430160.9704,0.0,0.0
177430162.9704,0.0,0.0
177430164.9704,0.0,0.0
177430166.9704,0.0,0.0
177430168.9704,0.0,0.0
177430170.9704,0.0,0.0
177430172.9704,0.0,0.0
177430174.9704,0.0,0.0
177430176.9704,0.0,0.0
177430178.9704,0.0,0.0
177430180.9704,0.0,0.0
177430182.9704,0.0,0.0
177430184.9704,0.0,0.0
177430186.9704,0.0,0.0
177430188.9704,0.0,0.0
177430190.9704,0.0,0.0
177430192.9704,0.0,0.0
177430194.9704,0.0,0.0
177430196.9704,0.0,0.0
177430198.9704,0.0,0.0
177430200.9704,0.0,0.0
177430202.9704,0.0,0.0
177430204.9704,0.0,0.0
177430206.9704,0.0,0.0
177430208.9704,0.0,0.0
177430210.9704,0.0,0.0
177430212.9704,0.0,0.0
177430214.9704,0.0,0.0
177430216.9704,0.0,0.0
177430218.9704,0.0,0.0
177430220.9704,0.0,0.0
177430222.9704,0.0,0.0
177430224.9704,0.0,0.0
177430226.9704,0.0,0.0
177430228.9704,0.0,0.0
177430230.9704,0.0,0.0
177430232.9704,0.0,0.0
177430234.9704,0.0,0.0
177430236.9704,0.0,0.0
177430238.9704,0.0,0.0
177430240.9704,0.0,0.0
177430242.9704,0.0,0.0
177430244.9704,0.0,0.0
177430246.9704,0.0,0.0
177430248.9704,0.0,0.0
177430250.9704,0.0,0.0
177430252.9704,0.0,0.0
177430254.9704,0.0,0.0
177430256.9704,0.0,0.0
177430258.9704,0.0,0.0
177430260.9704,0.0,0.0
177430262.9704,0.0,0.0
177430264.9704,0.0,0.0
177430266.9704,0.0,0.0
177430268.9704,0.0,0.0
177430270.9704,0.0,0.0
177430272.9704,0.0,0.0
177430274.9704,0.0,0.0
177430276.9704,0.0,0.0
177430278.9704,0.0,0.0
177430280.9704,0.0,0.0
177430282.9704,0.0,0.0
177430284.9704,0.0,0.0
177430286.9704,0.0,0.0
177430288.9704,0.0,0.0
177430290.9704,0.0,0.0
177430292.9704,0.0,0.0
177430294.9704,0.0,0.0
177430296.9704,0.0,0.0
177430298.9704,0.0,0.0
177430300.9704,0.0,0.0
177430302.9704,0.0,0.0
177430304.9704,0.0,0.0
177430306.9704,0.0,0.0
177430308.9704,0.0,0.0
177430310.9704,0.0,0.0
177430312.9704,0.0,0.0
177430314.9704,0.0,0.0
177430316.9704,0.0,0.0
177430318.9704,0.0,0.0
177430320.9704,0.0,0.0
177430322.9704,0.0,0.0
177430324.9704,0.0,0.0
177430326.9704,0.0,0.0
177430328.9704,0.0,0.0
177430330.9704,0.0,0.0
177430332.9704,0.0,0.0
177430334.9704,0.0,0.0
177430336.9704,0.0,0.0
177430338.9704,0.0,0.0
177430340.9704,0.0,0.0
177430342.9704,0.0,0.0
177430344.9704,0.0,0.0
177430346.9704,0.0,0.0
177430348.9704,0.0,0.0
177430350.9704,0.0,0.0
177430352.9704,0.0,0.0
177430354.9704,0.0,0.0
177430356.9704,0.0,0.0
177430358.9704,0.0,0.0
177430360.9704,0.0,0.0
177430362.9704,0.0,0.0
177430364.9704,0.0,0.0
177430366.9704,0.0,0.0
177430368.9704,0.0,0.0
177430370.9704,0.0,0.0
177430372.9704,0.0,0.0
177430374.9704,0.0,0.0
177430376.9704,0.0,0.0
177430378.9704,0.0,0.0
177430380.9704,0.0,0.0
177430382.9704,0.0,0.0
177430384.9704,0.0,0.0
177430386.9704,0.0,0.0
177430388.9704,0.0,0.0
177430390.9704,0.0,0.0
177430392.9704,0.0,0.0
177430394.9704,0.0,0.0
177430396.9704,0.0,0.0
177430398.9704,0.0,0.0
177430400.9704,0.0,0.0
177430402.9704,0.0,0.0
177430404.9704,0.0,0.0
177430406.9704,0.0,0.0
177430408.9704,0.0,0.0
177430410.9704,0.0,0.0
177430412.9704,0.0,0.0
177430414.9704,0.0,0.0
177430416.9704,0.0,0.0
177430418.9704,0.0,0.0
177430420.9704,0.0,0.0
177430422.9704,0.0,0.0
177430424.9704,0.0,0.0
177430426.9704,0.0,0.0
177430428.9704,0.0,0.0
177430430.9704,0.0,0.0
177430432.9704,0.0,0.0
177430434.9704,0.0,0.0
177430436.9704,0.0,0.0
177430438.9704,0.0,0.0
177430440.9704,0.0,0.0
177430442.9704,0.0,0.0
177430444.9704,0.0,0.0
177430446.9704,0.0,0.0
177430448.9704,0.0,0.0
177430450.9704,0.0,0.0
177430452.9704,0.0,0.0
177430454.9704,0.0,0.0
177430456.9704,0.0,0.0
177430458.9704,0.0,0.0
177430460.9704,0.0,0.0
177430462.9704,0.0,0.0
177430464.9704,0.0,0.0
177430466.9704,0.0,0.0
177430468.9704,0.0,0.0
177430470.9704,0.0,0.0
177430472.9704,0.0,0.0
177430474.9704,0.0,0.0
177430476.9704,0.0,0.0
177430478.9704,0.0,0.0
177430480.9704,0.0,0.0
177430482.9704,0.0,0.0
177430484.9704,0.0,0.0
177430486.9704,0.0,0.0
177430488.9704,0.0,0.0
177430490.9704,0.0,0.0
177430492.9704,0.0,0.0
177430494.9704,0.0,0.0
177430496.9704,0.0,0.0
177430498.9704,0.0,0.0
177430500.9704,0.0,0.0
177430502.9704,0.0,0.0
177430504.9704,0.0,0.0
177430506.9704,0.0,0.0
177430508.9704,0.0,0.0
177430510.9704,0.0,0.0
177430512.9704,0.0,0.0
177430514.9704,0.0,0.0
177430516.9704,0.0,0.0
177430518.9704,0.0,0.0
177430520.9704,0.0,0.0
177430522.9704,0.0,0.0
177430524.9704,0.0,0.0
177430526.9704,0.0,0.0
177430528.9704,0.0,0.0
177430530.9704,0.0,0.0
177430532.9704,0.0,0.0
177430534.9704,0.0,0.0
177430536.9704,0.0,0.0
177430538.9704,0.0,0.0
177430540.9704,0.0,0.0
177430542.9704,0.0,0.0
177430544.9704,0.0,0.0
177430546.9704,0.0,0.0
177430548.9704,0.0,0.0
177430550.9704,0.0,0.0
177430552.9704,0.0,0.0
177430554.9704,0.0,0.0
177430556.9704,0.0,0.0
177430558.9704,0.0,0.0
177430560.9704,0.0,0.0
177430562.9704,0.0,0.0
177430564.9704,0.0,0.0
177430566.9704,0.0,0.0
177430568.9704,0.0,0.0
177430570.9704,0.0,0.0
177430572.9704,0.0,0.0
177430574.9704,0.0,0.0
177430576.9704,0.0,0.0
177430578.9704,0.0,0.0
177430580.9704,0.0,0.0
177430582.9704,0.0,0.0
177430584.9704,0.0,0.0
177430586.9704,0.0,0.0
177430588.9704,0.0,0.0
177430590.9704,0.0,0.0
177430592.9704,0.0,0.0
177430594.9704,0.0,0.0
177430596.9704,0.0,0.0
177430598.9704,0.0,0.0
177430600.9704,0.0,0.0
177430602.9704,0.0,0.0
177430604.9704,0.0,0.0
177430606.9704,0.0,0.0
177430608.9704,0.0,0.0
177430610.9704,0.0,0.0
177430612.9704,0.0,0.0
177430614.9704,0.0,0.0
177430616.9704,0.0,0.0
177430618.9704,0.0,0.0
177430620.9704,0.0,0.0
177430622.9704,0.0,0.0
177430624.9704,0.0,0.0
177430626.9704,0.0,0.0
177430628.9704,0.0,0.0
177430630.9704,0.0,0.0
177430632.9704,0.0,0.0
177430634.9704,0.0,0.0
177430636.9704,0.0,0.0
177430638.9704,0.0,0.0
177430640.9704,0.0,0.0
177430642.9704,0.0,0.0
177430644.9704,0.0,0.0
177430646.9704,0.0,0.0
177430648.9704,0.0,0.0
177430650.9704,0.0,0.0
177430652.9704,0.0,0.0
177430654.9704,0.0,0.0
177430656.9704,0.0,0.0
177430658.9704,0.0,0.0
177430660.9704,0.0,0.0
177430662.9704,0.0,0.0
177430664.9704,0.0,0.0
177430666.9704,0.0,0.0
177430668.9704,0.0,0.0
177430670.9704,0.0,0.0
177430672.9704,0.0,0.0
177430674.9704,0.0,0.0
177430676.9704,0.0,0.0
177430678.9704,0.0,0.0
177430680.9704,0.0,0.0
177430682.9704,0.0,0.0
177430684.9704,0.0,0.0
177430686.9704,0.0,0.0
177430688.9704,0.0,0.0
177430690.9704,0.0,0.0
177430692.9704,0.0,0.0
177430694.9704,0.0,0.0
177430696.9704,0.0,0.0
177430698.9704,0.0,0.0
177430700.9704,0.0,0.0
177430702.9704,0.0,0.0
177430704.9704,0.0,0.0
177430706.9704,0.0,0.0
177430708.9704,0.0,0.0
177430710.9704,0.0,0.0
177430712.9704,0.0,0.0
177430714.9704,0.0,0.0
177430716.9704,0.0,0.0
177430718.9704,0.0,0.0
177430720.9704,0.0,0.0
177430722.9704,0.0,0.0
177430724.9704,0.0,0.0
177430726.9704,0.0,0.0
177430728.9704,0.0,0.0
177430730.9704,0.0,0.0
177430732.9704,0.0,0.0
177430734.9704,0.0,0.0
177430736.9704,0.0,0.0
177430738.9704,0.0,0.0
177430740.9704,0.0,0.0
177430742.9704,0.0,0.0
177430744.9704,0.0,0.0
177430746.9704,0.0,0.0
177430748.9704,0.0,0.0
177430750.9704,0.0,0.0
177430752.9704,0.0,0.0
177430754.9704,0.0,0.0
177430756.9704,0.0,0.0
177430758.9704,0.0,0.0
177430760.9704,0.0,0.0
177430762.9704,0.0,0.0
177430764.9704,0.0,0.0
177430766.9704,0.0,0.0
177430768.9704,0.0,0.0
177430770.9704,0.0,0.0
177430772.9704,0.0,0.0
177430774.9704,0.0,0.0
177430776.9704,0.0,0.0
177430779.0704,0.0,0.0
177430780.9704,0.0,0.0
177430782.9704,0.0,0.0
177430784.9704,0.0,0.0
177430786.9704,0.0,0.0
177430788.9704,0.0,0.0
177430790.9704,0.0,0.0
177430792.9704,0.0,0.0
177430794.9704,0.0,0.0
177430796.9704,0.0,0.0
177430798.9704,0.0,0.0
177430800.9704,0.0,0.0
177430802.9704,0.0,0.0
177430804.9704,0.0,0.0
177430806.9704,0.0,0.0
177430808.9704,0.0,0.0
177430810.9704,0.0,0.0
177430812.9704,0.0,0.0
177430814.9704,0.0,0.0
177430816.9704,0.0,0.0
177430818.9704,0.0,0.0
177430820.9704,0.0,0.0
177430822.9704,0.0,0.0
177430824.9704,0.0,0.0
177430826.9704,0.0,0.0
177430828.9704,0.0,0.0
177430830.9704,0.0,0.0
177430832.9704,0.0,0.0
177430834.9704,0.0,0.0
177430836.9704,0.0,0.0
177430838.9704,0.0,0.0
177430840.9704,0.0,0.0
177430842.9704,0.0,0.0
177430844.9704,0.0,0.0
177430846.9704,0.0,0.0
177430848.9704,0.0,0.0
177430850.9704,0.0,0.0
177430852.9704,0.0,0.0
177430854.9704,0.0,0.0
177430856.9704,0.0,0.0
177430858.9704,0.0,0.0
177430860.9704,0.0,0.0
177430862.9704,0.0,0.0
177430864.9704,0.0,0.0
177430866.9704,0.0,0.0
177430868.9704,0.0,0.0
177430870.9704,0.0,0.0
177430872.9704,0.0,0.0
177430874.9704,0.0,0.0
177430876.9704,0.0,0.0
177430878.9704,0.0,0.0
177430880.9704,0.0,0.0
177430882.9704,0.0,0.0
177430884.9704,0.0,0.0
177430886.9704,0.0,0.0
177430888.9704,0.0,0.0
177430890.9704,0.0,0.0
177430892.9704,0.0,0.0
177430894.9704,0.0,0.0
177430896.9704,0.0,0.0
177430898.9704,0.0,0.0
177430900.9704,0.0,0.0
177430902.9704,0.0,0.0
177430904.9704,0.0,0.0
177430906.9704,0.0,0.0
177430908.9704,0.0,0.0
177430910.9704,0.0,0.0
177430912.9704,0.0,0.0
177430914.9704,0.0,0.0
177430916.9704,0.0,0.0
177430918.9704,0.0,0.0
177430920.9704,0.0,0.0
177430922.9704,0.0,0.0
177430924.9704,0.0,0.0
177430926.9704,0.0,0.0
177430928.9704,0.0,0.0
177430930.9704,0.0,0.0
177430932.9704,0.0,0.0
177430934.9704,0.0,0.0
177430936.9704,0.0,0.0
177430938.9704,0.0,0.0
177430940.9704,0.0,0.0
177430942.9704,0.0,0.0
177430944.9704,0.0,0.0
177430946.9704,0.0,0.0
177430948.9704,0.0,0.0
177430950.9704,0.0,0.0
177430952.9704,0.0,0.0
177430954.9704,0.0,0.0
177430956.9704,0.0,0.0
177430958.9704,0.0,0.0
177430960.9704,0.0,0.0
177430962.9704,0.0,0.0
177430964.9704,0.0,0.0
177430966.9704,0.0,0.0
177430968.9704,0.0,0.0
177430970.9704,0.0,0.0
177430972.9704,0.0,0.0
177430974.9704,0.0,0.0
177430976.9704,0.0,0.0
177430978.9704,0.0,0.0
177430980.9704,0.0,0.0
177430982.9704,0.0,0.0
177430984.9704,0.0,0.0
177430986.9704,0.0,0.0
177430988.9704,0.0,0.0
177430990.9704,0.0,0.0
177430992.9704,0.0,0.0
177430994.9704,0.0,0.0
177430996.9704,0.0,0.0
177430998.9704,0.0,0.0
177431000.9704,0.0,0.0
177431003.0704,0.0,0.0
177431005.0704,0.0,0.0
177431007.0704,0.0,0.0
177431009.0704,0.0,0.0
177431011.0704,0.0,0.0
177431013.0704,0.0,0.0
177431015.0704,0.0,0.0
177431017.0704,0.0,0.0
177431019.0704,0.0,0.0
177431021.0704,0.0,0.0
177431023.0704,0.0,0.0
177431025.0704,0.0,0.0
177431027.0704,0.0,0.0
177431029.0704,0.0,0.0
177431031.0704,0.0,0.0
177431033.0704,0.0,0.0
177431035.0704,0.0,0.0
177431037.0704,0.0,0.0
177431039.0704,0.0,0.0
177431041.0704,0.0,0.0
177431043.0704,0.0,0.0
177431045.0704,0.0,0.0
177431047.0704,0.0,0.0
177431049.0704,0.0,0.0
177431051.0704,0.0,0.0
177431053.0704,0.0,0.0
177431055.0704,0.0,0.0
177431057.0704,0.0,0.0
177431059.0704,0.0,0.0
177431061.0704,0.0,0.0
177431063.0704,0.0,0.0
177431065.0704,0.0,0.0
177431067.0704,0.0,0.0
177431069.0704,0.0,0.0
177431071.0704,0.0,0.0
177431073.0704,0.0,0.0
177431075.0704,0.0,0.0
177431077.0704,0.0,0.0
177431079.0704,0.0,0.0
177431081.0704,0.0,0.0
177431083.0704,0.0,0.0
177431085.0704,0.0,0.0
177431087.0704,0.0,0.0
177431089.0704,0.0,0.0
177431091.0704,0.0,0.0
177431093.0704,0.0,0.0
177431095.0704,0.0,0.0
177431097.0704,0.0,0.0
177431099.0704,0.0,0.0
177431101.0704,0.0,0.0
177431103.0704,0.0,0.0
177431105.0704,0.0,0.0
177431107.0704,0.0,0.0
177431109.0704,0.0,0.0
177431111.0704,0.0,0.0
177431113.0704,0.0,0.0
177431115.0704,0.0,0.0
177431117.0704,0.0,0.0
177431119.0704,0.0,0.0
177431121.0704,0.0,0.0
177431123.0704,0.0,0.0
177431125.0704,0.0,0.0
177431127.0704,0.0,0.0
177431129.0704,0.0,0.0
177431131.0704,0.0,0.0
177431133.0704,0.0,0.0
177431135.0704,0.0,0.0
177431137.0704,0.0,0.0
177431139.0704,0.0,0.0
177431141.0704,0.0,0.0
177431143.0704,0.0,0.0
177431145.0704,0.0,0.0
177431147.0704,0.0,0.0
177431149.0704,0.0,0.0
177431151.0704,0.0,0.0
177431153.0704,0.0,0.0
177431155.0704,0.0,0.0
177431157.0704,0.0,0.0
177431159.0704,0.0,0.0
177431161.0704,0.0,0.0
177431163.0704,0.0,0.0
177431165.0704,0.0,0.0
177431167.0704,0.0,0.0
177431169.0704,0.0,0.0
177431171.0704,0.0,0.0
177431173.0704,0.0,0.0
177431175.0704,0.0,0.0
177431177.0704,0.0,0.0
177431179.0704,0.0,0.0
177431181.0704,0.0,0.0
177431183.0704,0.0,0.0
177431185.0704,0.0,0.0
177431187.0704,0.0,0.0
177431189.0704,0.0,0.0
177431191.0704,0.0,0.0
177431193.0704,0.0,0.0
177431195.0704,0.0,0.0
177431197.0704,0.0,0.0
177431199.0704,0.0,0.0
177431201.0704,0.0,0.0
177431203.0704,0.0,0.0
177431205.0704,0.0,0.0
177431207.0704,0.0,0.0
177431209.0704,0.0,0.0
177431211.0704,0.0,0.0
177431213.0704,0.0,0.0
177431215.0704,0.0,0.0
177431217.0704,0.0,0.0
177431219.0704,0.0,0.0
177431221.0704,0.0,0.0
177431223.0704,0.0,0.0
177431225.0704,0.0,0.0
177431227.0704,0.0,0.0
177431229.0704,0.0,0.0
177431231.0704,0.0,0.0
177431233.0704,0.0,0.0
177431235.0704,0.0,0.0
177431237.0704,0.0,0.0
177431239.0704,0.0,0.0
177431241.0704,0.0,0.0
177431243.0704,0.0,0.0
177431245.0704,0.0,0.0
177431247.0704,0.0,0.0
177431249.0704,0.0,0.0
177431251.0704,0.0,0.0
177431253.0704,0.0,0.0
177431255.0704,0.0,0.0
177431257.0704,0.0,0.0
177431259.0704,0.0,0.0
177431261.0704,0.0,0.0
177431263.0704,0.0,0.0
177431265.0704,0.0,0.0
177431267.0704,0.0,0.0
177431269.0704,0.0,0.0
177431271.0704,0.0,0.0
177431273.0704,0.0,0.0
177431275.0704,0.0,0.0
177431277.0704,0.0,0.0
177431279.0704,0.0,0.0
177431281.0704,0.0,0.0
177431283.0704,0.0,0.0
177431285.0704,0.0,0.0
177431287.0704,0.0,0.0
177431289.0704,0.0,0.0
177431291.0704,0.0,0.0
177431293.0704,0.0,0.0
177431295.0704,0.0,0.0
177431297.0704,0.0,0.0
177431299.0704,0.0,0.0
177431301.0704,0.0,0.0
177431303.0704,0.0,0.0
177431305.0704,0.0,0.0
177431307.0704,0.0,0.0
177431309.0704,0.0,0.0
177431311.0704,0.0,0.0
177431313.0704,0.0,0.0
177431315.0704,0.0,0.0
177431317.0704,0.0,0.0
177431319.0704,0.0,0.0
177431321.0704,0.0,0.0
177431323.0704,0.0,0.0
177431325.0704,0.0,0.0
177431327.0704,0.0,0.0
177431329.0704,0.0,0.0
177431331.0704,0.0,0.0
177431333.0704,0.0,0.0
177431335.0704,0.0,0.0
177431337.0704,0.0,0.0
177431339.0704,0.0,0.0
177431341.0704,0.0,0.0
177431343.0704,0.0,0.0
177431345.0704,0.0,0.0
177431347.0704,0.0,0.0
177431349.0704,0.0,0.0
177431351.0704,0.0,0.0
177431353.0704,0.0,0.0
177431355.0704,0.0,0.0
177431357.0704,0.0,0.0
177431359.0704,0.0,0.0
177431361.0704,0.0,0.0
177431363.0704,0.0,0.0
177431365.0704,0.0,0.0
177431367.0704,0.0,0.0
177431369.0704,0.0,0.0
177431371.0704,0.0,0.0
177431373.0704,0.0,0.0
177431375.0704,0.0,0.0
177431377.0704,0.0,0.0
177431379.0704,0.0,0.0
177431381.0704,0.0,0.0
177431383.0704,0.0,0.0
177431385.0704,0.0,0.0
177431387.0704,0.0,0.0
177431389.0704,0.0,0.0
177431391.0704,0.0,0.0
177431393.0704,0.0,0.0
177431395.0704,0.0,0.0
177431397.0704,0.0,0.0
177431399.0704,0.0,0.0
177431401.0704,0.0,0.0
177431403.0704,0.0,0.0
177431405.0704,0.0,0.0
177431407.0704,0.0,0.0
177431409.0704,0.0,0.0
177431411.0704,0.0,0.0
177431413.0704,0.0,0.0
177431415.0704,0.0,0.0
177431417.0704,0.0,0.0
177431419.0704,0.0,0.0
177431421.0704,0.0,0.0
177431423.0704,0.0,0.0
177431425.0704,0.0,0.0
177431427.0704,0.0,0.0
177431429.0704,0.0,0.0
177431431.0704,0.0,0.0
177431433.0704,0.0,0.0
177431435.0704,0.0,0.0
177431437.0704,0.0,0.0
177431439.0704,0.0,0.0
177431441.0704,0.0,0.0
177431443.1704,0.0,0.0
177431445.0704,0.0,0.0
177431447.0704,0.0,0.0
177431449.0704,0.0,0.0
177431451.0704,0.0,0.0
177431453.0704,0.0,0.0
177431455.0704,0.0,0.0
177431457.0704,0.0,0.0
177431459.0704,0.0,0.0
177431461.0704,0.0,0.0
177431463.0704,0.0,0.0
177431465.0704,0.0,0.0
177431467.0704,0.0,0.0
177431469.0704,0.0,0.0
177431471.0704,0.0,0.0
177431473.0704,0.0,0.0
177431475.0704,0.0,0.0
177431477.0704,0.0,0.0
177431479.0704,0.0,0.0
177431481.0704,0.0,0.0
177431483.0704,0.0,0.0
177431485.0704,0.0,0.0
177431487.0704,0.0,0.0
177431489.0704,0.0,0.0
177431491.0704,0.0,0.0
177431493.0704,0.0,0.0
177431495.0704,0.0,0.0
177431497.0704,0.0,0.0
177431499.0704,0.0,0.0
177431501.0704,0.0,0.0
177431503.0704,0.0,0.0
177431505.0704,0.0,0.0
177431507.0704,0.0,0.0
177431509.0704,0.0,0.0
177431511.0704,0.0,0.0
177431513.0704,0.0,0.0
177431515.0704,0.0,0.0
177431517.0704,0.0,0.0
177431519.0704,0.0,0.0
177431521.0704,0.0,0.0
177431523.0704,0.0,0.0
177431525.0704,0.0,0.0
177431527.0704,0.0,0.0
177431529.0704,0.0,0.0
177431531.0704,0.0,0.0
177431533.0704,0.0,0.0
177431535.0704,0.0,0.0
177431537.0704,0.0,0.0
177431539.0704,0.0,0.0
177431541.0704,0.0,0.0
177431543.0704,0.0,0.0
177431545.0704,0.0,0.0
177431547.0704,0.0,0.0
177431549.0704,0.0,0.0
177431551.0704,0.0,0.0
177431553.0704,0.0,0.0
177431555.0704,0.0,0.0
177431557.0704,0.0,0.0
177431559.0704,0.0,0.0
177431561.0704,0.0,0.0
177431563.0704,0.0,0.0
177431565.0704,0.0,0.0
177431567.0704,0.0,0.0
177431569.0704,0.0,0.0
177431571.0704,0.0,0.0
177431573.0704,0.0,0.0
177431575.0704,0.0,0.0
177431577.0704,0.0,0.0
177431579.0704,0.0,0.0
177431581.0704,0.0,0.0
177431583.0704,0.0,0.0
177431585.0704,0.0,0.0
177431587.0704,0.0,0.0
177431589.0704,0.0,0.0
177431591.0704,0.0,0.0
177431593.0704,0.0,0.0
177431595.0704,0.0,0.0
177431597.0704,0.0,0.0
177431599.0704,0.0,0.0
177431601.0704,0.0,0.0
177431603.0704,0.0,0.0
177431605.0704,0.0,0.0
177431607.0704,0.0,0.0
177431609.0704,0.0,0.0
177431611.0704,0.0,0.0
177431613.0704,0.0,0.0
177431615.0704,0.0,0.0
177431617.0704,0.0,0.0
177431619.0704,0.0,0.0
177431621.0704,0.0,0.0
177431623.0704,0.0,0.0
177431625.0704,0.0,0.0
177431627.0704,0.0,0.0
177431629.0704,0.0,0.0
177431631.0704,0.0,0.0
177431633.0704,0.0,0.0
177431635.0704,0.0,0.0
177431637.0704,0.0,0.0
177431639.0704,0.0,0.0
177431641.0704,0.0,0.0
177431643.0704,0.0,0.0
177431645.0704,0.0,0.0
177431647.0704,0.0,0.0
177431649.0704,0.0,0.0
177431651.0704,0.0,0.0
177431653.0704,0.0,0.0
177431655.0704,0.0,0.0
177431657.0704,0.0,0.0
177431659.0704,0.0,0.0
177431661.0704,0.0,0.0
177431663.1704,0.0,0.0
177431665.0704,0.0,0.0
177431667.0704,0.0,0.0
177431669.0704,0.0,0.0
177431671.0704,0.0,0.0
177431673.0704,0.0,0.0
177431675.0704,0.0,0.0
177431677.0704,0.0,0.0
177431679.0704,0.0,0.0
177431681.0704,0.0,0.0
177431683.0704,0.0,0.0
177431685.0704,0.0,0.0
177431687.0704,0.0,0.0
177431689.0704,0.0,0.0
177431691.0704,0.0,0.0
177431693.0704,0.0,0.0
177431695.0704,0.0,0.0
177431697.0704,0.0,0.0
177431699.0704,0.0,0.0
177431701.0704,0.0,0.0
177431703.0704,0.0,0.0
177431705.0704,0.0,0.0
177431707.0704,0.0,0.0
177431709.0704,0.0,0.0
177431711.0704,0.0,0.0
177431713.0704,0.0,0.0
177431715.0704,0.0,0.0
177431717.0704,0.0,0.0
177431719.0704,0.0,0.0
177431721.0704,0.0,0.0
177431723.0704,0.0,0.0
177431725.0704,0.0,0.0
177431727.0704,0.0,0.0
177431729.0704,0.0,0.0
177431731.0704,0.0,0.0
177431733.0704,0.0,0.0
177431735.0704,0.0,0.0
177431737.0704,0.0,0.0
177431739.0704,0.0,0.0
177431741.0704,0.0,0.0
177431743.0704,0.0,0.0
177431745.0704,0.0,0.0
177431747.0704,0.0,0.0
177431749.0704,0.0,0.0
177431751.0704,0.0,0.0
177431753.0704,0.0,0.0
177431755.0704,0.0,0.0
177431757.0704,0.0,0.0
177431759.0704,0.0,0.0
177431761.0704,0.0,0.0
177431763.0704,0.0,0.0
177431765.0704,0.0,0.0
177431767.0704,0.0,0.0
177431769.0704,0.0,0.0
177431771.0704,0.0,0.0
177431773.0704,0.0,0.0
177431775.0704,0.0,0.0
177431777.0704,0.0,0.0
177431779.0704,0.0,0.0
177431781.0704,0.0,0.0
177431783.0704,0.0,0.0
177431785.0704,0.0,0.0
177431787.0704,0.0,0.0
177431789.0704,0.0,0.0
177431791.0704,0.0,0.0
177431793.0704,0.0,0.0
177431795.0704,0.0,0.0
177431797.0704,0.0,0.0
177431799.0704,0.0,0.0
177431801.0704,0.0,0.0
177431803.0704,0.0,0.0
177431805.0704,0.0,0.0
177431807.0704,0.0,0.0
177431809.0704,0.0,0.0
177431811.0704,0.0,0.0
177431813.0704,0.0,0.0
177431815.0704,0.0,0.0
177431817.0704,0.0,0.0
177431819.0704,0.0,0.0
177431821.0704,0.0,0.0
177431823.0704,0.0,0.0
177431825.0704,0.0,0.0
177431827.0704,0.0,0.0
177431829.0704,0.0,0.0
177431831.0704,0.0,0.0
177431833.0704,0.0,0.0
177431835.0704,0.0,0.0
177431837.0704,0.0,0.0
177431839.0704,0.0,0.0
177431841.0704,0.0,0.0
177431843.0704,0.0,0.0
177431845.0704,0.0,0.0
177431847.0704,0.0,0.0
177431849.0704,0.0,0.0
177431851.0704,0.0,0.0
177431853.0704,0.0,0.0
177431855.0704,0.0,0.0
177431857.0704,0.0,0.0
177431859.0704,0.0,0.0
177431861.0704,0.0,0.0
177431863.0704,0.0,0.0
177431865.0704,0.0,0.0
177431867.0704,0.0,0.0
177431869.0704,0.0,0.0
177431871.0704,0.0,0.0
177431873.0704,0.0,0.0
177431875.0704,0.0,0.0
177431877.0704,0.0,0.0
177431879.0704,0.0,0.0
177431881.0704,0.0,0.0
177431883.0704,0.0,0.0
177431885.0704,0.0,0.0
177431887.0704,0.0,0.0
177431889.0704,0.0,0.0
177431891.0704,0.0,0.0
177431893.0704,0.0,0.0
177431895.0704,0.0,0.0
177431897.0704,0.0,0.0
177431899.0704,0.0,0.0
177431901.0704,0.0,0.0
177431903.0704,0.0,0.0
177431905.0704,0.0,0.0
177431907.0704,0.0,0.0
177431909.0704,0.0,0.0
177431911.0704,0.0,0.0
177431913.0704,0.0,0.0
177431915.0704,0.0,0.0
177431917.0704,0.0,0.0
177431919.0704,0.0,0.0
177431921.0704,0.0,0.0
177431923.0704,0.0,0.0
177431925.0704,0.0,0.0
177431927.0704,0.0,0.0
177431929.0704,0.0,0.0
177431931.0704,0.0,0.0
177431933.0704,0.0,0.0
177431935.0704,0.0,0.0
177431937.0704,0.0,0.0
177431939.0704,0.0,0.0
177431941.0704,0.0,0.0
177431943.0704,0.0,0.0
177431945.0704,0.0,0.0
177431947.0704,0.0,0.0
177431949.0704,0.0,0.0
177431951.0704,0.0,0.0
177431953.0704,0.0,0.0
177431955.0704,0.0,0.0
177431957.0704,0.0,0.0
177431959.0704,0.0,0.0
177431961.0704,0.0,0.0
177431963.0704,0.0,0.0
177431965.0704,0.0,0.0
177431967.0704,0.0,0.0
177431969.0704,0.0,0.0
177431971.0704,0.0,0.0
177431973.0704,0.0,0.0
177431975.0704,0.0,0.0
177431977.0704,0.0,0.0
177431979.0704,0.0,0.0
177431981.0704,0.0,0.0
177431983.0704,0.0,0.0
177431985.0704,0.0,0.0
177431987.0704,0.0,0.0
177431989.0704,0.0,0.0
177431991.0704,0.0,0.0
177431993.0704,0.0,0.0
177431995.0704,0.0,0.0
177431997.0704,0.0,0.0
177431999.0704,0.0,0.0
177432001.0704,0.0,0.0
177432003.0704,0.0,0.0
177432005.0704,0.0,0.0
177432007.0704,0.0,0.0
177432009.0704,0.0,0.0
177432011.0704,0.0,0.0
177432013.0704,0.0,0.0
177432015.0704,0.0,0.0
177432017.0704,0.0,0.0
177432019.0704,0.0,0.0
177432021.0704,0.0,0.0
177432023.0704,0.0,0.0
177432025.0704,0.0,0.0
177432027.0704,0.0,0.0
177432029.0704,0.0,0.0
177432031.0704,0.0,0.0
177432033.0704,0.0,0.0
177432035.0704,0.0,0.0
177432037.0704,0.0,0.0
177432039.0704,0.0,0.0
177432041.0704,0.0,0.0
177432043.0704,0.0,0.0
177432045.0704,0.0,0.0
177432047.0704,0.0,0.0
177432049.0704,0.0,0.0
177432051.0704,0.0,0.0
177432053.0704,0.0,0.0
177432055.0704,0.0,0.0
177432057.0704,0.0,0.0
177432059.0704,0.0,0.0
177432061.0704,0.0,0.0
177432063.0704,0.0,0.0
177432065.0704,0.0,0.0
177432067.0704,0.0,0.0
177432069.0704,0.0,0.0
177432071.0704,0.0,0.0
177432073.0704,0.0,0.0
177432075.0704,0.0,0.0
177432077.0704,0.0,0.0
177432079.0704,0.0,0.0
177432081.0704,0.0,0.0
177432083.0704,0.0,0.0
177432085.0704,0.0,0.0
177432087.0704,0.0,0.0
177432089.0704,0.0,0.0
177432091.0704,0.0,0.0
177432093.0704,0.0,0.0
177432095.0704,0.0,0.0
177432097.0704,0.0,0.0
177432099.0704,0.0,0.0
177432101.0704,0.0,0.0
177432103.0704,0.0,0.0
177432105.0704,0.0,0.0
177432107.0704,0.0,0.0
177432109.0704,0.0,0.0
177432111.0704,0.0,0.0
177432113.0704,0.0,0.0
177432115.0704,0.0,0.0
177432117.0704,0.0,0.0
177432119.0704,0.0,0.0
177432121.0704,0.0,0.0
177432123.0704,0.0,0.0
177432125.0704,0.0,0.0
177432127.0704,0.0,0.0
177432129.0704,0.0,0.0
177432131.0704,0.0,0.0
177432133.0704,0.0,0.0
177432135.0704,0.0,0.0
177432137.0704,0.0,0.0
177432139.0704,0.0,0.0
177432141.0704,0.0,0.0
177432143.0704,0.0,0.0
177432145.0704,0.0,0.0
177432147.0704,0.0,0.0
177432149.0704,0.0,0.0
177432151.0704,0.0,0.0
177432153.0704,0.0,0.0
177432155.0704,0.0,0.0
177432157.0704,0.0,0.0
177432159.0704,0.0,0.0
177432161.0704,0.0,0.0
177432163.0704,0.0,0.0
177432165.0704,0.0,0.0
177432167.0704,0.0,0.0
177432169.0704,0.0,0.0
177432171.0704,0.0,0.0
177432173.0704,0.0,0.0
177432175.0704,0.0,0.0
177432177.0704,0.0,0.0
177432179.0704,0.0,0.0
177432181.0704,0.0,0.0
177432183.0704,0.0,0.0
177432185.0704,0.0,0.0
177432187.0704,0.0,0.0
177432189.0704,0.0,0.0
177432191.0704,0.0,0.0
177432193.0704,0.0,0.0
177432195.0704,0.0,0.0
177432197.0704,0.0,0.0
177432199.0704,0.0,0.0
177432201.0704,0.0,0.0
177432203.0704,0.0,0.0
177432205.0704,0.0,0.0
177432207.0704,0.0,0.0
177432209.0704,0.0,0.0
177432211.0704,0.0,0.0
177432213.0704,0.0,0.0
177432215.0704,0.0,0.0
177432217.0704,0.0,0.0
177432219.0704,0.0,0.0
177432221.0704,0.0,0.0
177432223.0704,0.0,0.0
177432225.0704,0.0,0.0
177432227.0704,0.0,0.0
177432229.0704,0.0,0.0
177432231.0704,0.0,0.0
177432233.0704,0.0,0.0
177432235.0704,0.0,0.0
177432237.0704,0.0,0.0
177432239.0704,0.0,0.0
177432241.0704,0.0,0.0
177432243.0704,0.0,0.0
177432245.0704,0.0,0.0
177432247.0704,0.0,0.0
177432249.0704,0.0,0.0
177432251.0704,0.0,0.0
177432253.0704,0.0,0.0
177432255.0704,0.0,0.0
177432257.0704,0.0,0.0
177432259.0704,0.0,0.0
177432261.0704,0.0,0.0
177432263.0704,0.0,0.0
177432265.0704,0.0,0.0
177432267.0704,0.0,0.0
177432269.0704,0.0,0.0
177432271.0704,0.0,0.0
177432273.0704,0.0,0.0
177432275.0704,0.0,0.0
177432277.0704,0.0,0.0
177432279.0704,0.0,0.0
177432281.0704,0.0,0.0
177432283.0704,0.0,0.0
177432285.0704,0.0,0.0
177432287.0704,0.0,0.0
177432289.0704,0.0,0.0
177432291.0704,0.0,0.0
177432293.0704,0.0,0.0
177432295.0704,0.0,0.0
177432297.0704,0.0,0.0
177432299.0704,0.0,0.0
177432301.0704,0.0,0.0
177432303.0704,0.0,0.0
177432305.0704,0.0,0.0
177432307.0704,0.0,0.0
177432309.0704,0.0,0.0
177432311.0704,0.0,0.0
177432313.0704,0.0,0.0
177432315.0704,0.0,0.0
177432317.0704,0.0,0.0
177432319.0704,0.0,0.0
177432321.0704,0.0,0.0
177432323.0704,0.0,0.0
177432325.0704,0.0,0.0
177432327.0704,0.0,0.0
177432329.0704,0.0,0.0
177432331.0704,0.0,0.0
177432333.0704,0.0,0.0
177432335.0704,0.0,0.0
177432337.0704,0.0,0.0
177432339.0704,0.0,0.0
177432341.0704,0.0,0.0
177432343.0704,0.0,0.0
177432345.0704,0.0,0.0
177432347.0704,0.0,0.0
177432349.0704,0.0,0.0
177432351.0704,0.0,0.0
177432353.0704,0.0,0.0
177432355.0704,0.0,0.0
177432357.0704,0.0,0.0
177432359.0704,0.0,0.0
177432361.0704,0.0,0.0
177432363.0704,0.0,0.0
177432365.0704,0.0,0.0
177432367.0704,0.0,0.0
177432369.0704,0.0,0.0
177432371.0704,0.0,0.0
177432373.0704,0.0,0.0
177432375.0704,0.0,0.0
177432377.0704,0.0,0.0
177432379.0704,0.0,0.0
177432381.0704,0.0,0.0
177432383.0704,0.0,0.0
177432385.0704,0.0,0.0
177432387.0704,0.0,0.0
177432389.0704,0.0,0.0
177432391.0704,0.0,0.0
177432393.0704,0.0,0.0
177432395.0704,0.0,0.0
177432397.0704,0.0,0.0
177432399.0704,0.0,0.0
177432401.0704,0.0,0.0
177432403.0704,0.0,0.0
177432405.0704,0.0,0.0
177432407.0704,0.0,0.0
177432409.0704,0.0,0.0
177432411.0704,0.0,0.0
177432413.0704,0.0,0.0
177432415.0704,0.0,0.0
177432417.0704,0.0,0.0
177432419.0704,0.0,0.0
177432421.0704,0.0,0.0
177432423.0704,0.0,0.0
177432425.0704,0.0,0.0
177432427.0704,0.0,0.0
177432429.0704,0.0,0.0
177432431.0704,0.0,0.0
177432433.0704,0.0,0.0
177432435.0704,0.0,0.0
177432437.0704,0.0,0.0
177432439.0704,0.0,0.0
177432441.0704,0.0,0.0
177432443.0704,0.0,0.0
177432445.0704,0.0,0.0
177432447.0704,0.0,0.0
177432449.0704,0.0,0.0
177432451.0704,0.0,0.0
177432453.0704,0.0,0.0
177432455.0704,0.0,0.0
177432457.0704,0.0,0.0
177432459.0704,0.0,0.0
177432461.0704,0.0,0.0
177432463.0704,0.0,0.0
177432465.0704,0.0,0.0
177432467.0704,0.0,0.0
177432469.0704,0.0,0.0
177432471.0704,0.0,0.0
177432473.0704,0.0,0.0
177432475.0704,0.0,0.0
177432477.0704,0.0,0.0
177432479.0704,0.0,0.0
177432481.0704,0.0,0.0
177432483.0704,0.0,0.0
177432485.0704,0.0,0.0
177432487.0704,0.0,0.0
177432489.0704,0.0,0.0
177432491.0704,0.0,0.0
177432493.0704,0.0,0.0
177432495.0704,0.0,0.0
177432497.0704,0.0,0.0
177432499.0704,0.0,0.0
177432501.0704,0.0,0.0
177432503.0704,0.0,0.0
177432505.0704,0.0,0.0
177432507.0704,0.0,0.0
177432509.0704,0.0,0.0
177432511.0704,0.0,0.0
177432513.0704,0.0,0.0
177432515.0704,0.0,0.0
177432517.0704,0.0,0.0
177432519.0704,0.0,0.0
177432521.0704,0.0,0.0
177432523.0704,0.0,0.0
177432525.0704,0.0,0.0
177432527.0704,0.0,0.0
177432529.0704,0.0,0.0
177432531.0704,0.0,0.0
177432533.0704,0.0,0.0
177432535.0704,0.0,0.0
177432537.0704,0.0,0.0
177432539.0704,0.0,0.0
177432541.0704,0.0,0.0
177432543.0704,0.0,0.0
177432545.0704,0.0,0.0
177432547.0704,0.0,0.0
177432549.0704,0.0,0.0
177432551.0704,0.0,0.0
177432553.0704,0.0,0.0
177432555.0704,0.0,0.0
177432557.0704,0.0,0.0
177432559.0704,0.0,0.0
177432561.0704,0.0,0.0
177432563.0704,0.0,0.0
177432565.0704,0.0,0.0
177432567.0704,0.0,0.0
177432569.0704,0.0,0.0
177432571.0704,0.0,0.0
177432573.0704,0.0,0.0
177432575.0704,0.0,0.0
177432577.0704,0.0,0.0
177432579.0704,0.0,0.0
177432581.0704,0.0,0.0
177432583.0704,0.0,0.0
177432585.0704,0.0,0.0
177432587.0704,0.0,0.0
177432589.0704,0.0,0.0
177432591.0704,0.0,0.0
177432593.0704,0.0,0.0
177432595.0704,0.0,0.0
177432597.0704,0.0,0.0
177432599.0704,0.0,0.0
177432601.0704,0.0,0.0
177432603.0704,0.0,0.0
177432605.0704,0.0,0.0
177432607.0704,0.0,0.0
177432609.0704,0.0,0.0
177432611.0704,0.0,0.0
177432613.0704,0.0,0.0
177432615.0704,0.0,0.0
177432617.1704,0.0,0.0
177432619.0704,0.0,0.0
177432621.0704,0.0,0.0
177432623.0704,0.0,0.0
177432625.0704,0.0,0.0
177432627.0704,0.0,0.0
177432629.0704,0.0,0.0
177432631.0704,0.0,0.0
177432633.0704,0.0,0.0
177432635.0704,0.0,0.0
177432637.0704,0.0,0.0
177432639.0704,0.0,0.0
177432641.0704,0.0,0.0
177432643.0704,0.0,0.0
177432645.0704,0.0,0.0
177432647.0704,0.0,0.0
177432649.0704,0.0,0.0
177432651.0704,0.0,0.0
177432653.0704,0.0,0.0
177432655.0704,0.0,0.0
177432657.0704,0.0,0.0
177432659.0704,0.0,0.0
177432661.0704,0.0,0.0
177432663.0704,0.0,0.0
177432665.0704,0.0,0.0
177432667.0704,0.0,0.0
177432669.0704,0.0,0.0
177432671.0704,0.0,0.0
177432673.0704,0.0,0.0
177432675.0704,0.0,0.0
177432677.0704,0.0,0.0
177432679.0704,0.0,0.0
177432681.0704,0.0,0.0
177432683.0704,0.0,0.0
177432685.0704,0.0,0.0
177432687.0704,0.0,0.0
177432689.0704,0.0,0.0
177432691.0704,0.0,0.0
177432693.0704,0.0,0.0
177432695.0704,0.0,0.0
177432697.0704,0.0,0.0
177432699.0704,0.0,0.0
177432701.0704,0.0,0.0
177432703.0704,0.0,0.0
177432705.0704,0.0,0.0
177432707.0704,0.0,0.0
177432709.0704,0.0,0.0
177432711.0704,0.0,0.0
177432713.0704,0.0,0.0
177432715.0704,0.0,0.0
177432717.0704,0.0,0.0
177432719.0704,0.0,0.0
177432721.0704,0.0,0.0
177432723.0704,0.0,0.0
177432725.0704,0.0,0.0
177432727.0704,0.0,0.0
177432729.0704,0.0,0.0
177432731.0704,0.0,0.0
177432733.0704,0.0,0.0
177432735.0704,0.0,0.0
177432737.0704,0.0,0.0
177432739.0704,0.0,0.0
177432741.0704,0.0,0.0
177432743.0704,0.0,0.0
177432745.0704,0.0,0.0
177432747.0704,0.0,0.0
177432749.0704,0.0,0.0
177432751.0704,0.0,0.0
177432753.0704,0.0,0.0
177432755.0704,0.0,0.0
177432757.0704,0.0,0.0
177432759.0704,0.0,0.0
177432761.0704,0.0,0.0
177432763.0704,0.0,0.0
177432765.0704,0.0,0.0
177432767.0704,0.0,0.0
177432769.0704,0.0,0.0
177432771.0704,0.0,0.0
177432773.0704,0.0,0.0
177432775.0704,0.0,0.0
177432777.0704,0.0,0.0
177432779.0704,0.0,0.0
177432781.0704,0.0,0.0
177432783.0704,0.0,0.0
177432785.0704,0.0,0.0
177432787.0704,0.0,0.0
177432789.0704,0.0,0.0
177432791.0704,0.0,0.0
177432793.0704,0.0,0.0
177432795.0704,0.0,0.0
177432797.0704,0.0,0.0
177432799.0704,0.0,0.0
177432801.0704,0.0,0.0
177432803.0704,0.0,0.0
177432805.0704,0.0,0.0
177432807.0704,0.0,0.0
177432809.0704,0.0,0.0
177432811.0704,0.0,0.0
177432813.0704,0.0,0.0
177432815.0704,0.0,0.0
177432817.0704,0.0,0.0
177432819.0704,0.0,0.0
177432821.0704,0.0,0.0
177432823.0704,0.0,0.0
177432825.0704,0.0,0.0
177432827.0704,0.0,0.0
177432829.0704,0.0,0.0
177432831.0704,0.0,0.0
177432833.0704,0.0,0.0
177432835.0704,0.0,0.0
177432837.0704,0.0,0.0
177432839.0704,0.0,0.0
177432841.0704,0.0,0.0
177432843.0704,0.0,0.0
177432845.0704,0.0,0.0
177432847.0704,0.0,0.0
177432849.0704,0.0,0.0
177432851.0704,0.0,0.0
177432853.0704,0.0,0.0
177432855.0704,0.0,0.0
177432857.0704,0.0,0.0
177432859.0704,0.0,0.0
177432861.0704,0.0,0.0
177432863.0704,0.0,0.0
177432865.0704,0.0,0.0
177432867.0704,0.0,0.0
177432869.0704,0.0,0.0
177432871.0704,0.0,0.0
177432873.0704,0.0,0.0
177432875.0704,0.0,0.0
177432877.0704,0.0,0.0
177432879.0704,0.0,0.0
177432881.0704,0.0,0.0
177432883.0704,0.0,0.0
177432885.0704,0.0,0.0
177432887.0704,0.0,0.0
177432889.0704,0.0,0.0
177432891.0704,0.0,0.0
177432893.0704,0.0,0.0
177432895.0704,0.0,0.0
177432897.0704,0.0,0.0
177432899.0704,0.0,0.0
177432901.0704,0.0,0.0
177432903.0704,0.0,0.0
177432905.0704,0.0,0.0
177432907.0704,0.0,0.0
177432909.0704,0.0,0.0
177432911.0704,0.0,0.0
177432913.0704,0.0,0.0
177432915.0704,0.0,0.0
177432917.0704,0.0,0.0
177432919.0704,0.0,0.0
177432921.0704,0.0,0.0
177432923.0704,0.0,0.0
177432925.0704,0.0,0.0
177432927.0704,0.0,0.0
177432929.0704,0.0,0.0
177432931.0704,0.0,0.0
177432933.0704,0.0,0.0
177432935.0704,0.0,0.0
177432937.0704,0.0,0.0
177432939.0704,0.0,0.0
177432941.0704,0.0,0.0
177432943.0704,0.0,0.0
177432945.0704,0.0,0.0
177432947.0704,0.0,0.0
177432949.0704,0.0,0.0
177432951.0704,0.0,0.0
177432953.0704,0.0,0.0
177432955.0704,0.0,0.0
177432957.0704,0.0,0.0
177432959.0704,0.0,0.0
177432961.0704,0.0,0.0
177432963.0704,0.0,0.0
177432965.0704,0.0,0.0
177432967.0704,0.0,0.0
177432969.0704,0.0,0.0
177432971.0704,0.0,0.0
177432973.0704,0.0,0.0
177432975.0704,0.0,0.0
177432977.0704,0.0,0.0
177432979.0704,0.0,0.0
177432981.0704,0.0,0.0
177432983.0704,0.0,0.0
177432985.0704,0.0,0.0
177432987.0704,0.0,0.0
177432989.0704,0.0,0.0
177432991.0704,0.0,0.0
177432993.0704,0.0,0.0
177432995.0704,0.0,0.0
177432997.0704,0.0,0.0
177432999.0704,0.0,0.0
177433001.0704,0.0,0.0
177433003.0704,0.0,0.0
177433005.0704,0.0,0.0
177433007.0704,0.0,0.0
177433009.0704,0.0,0.0
177433011.0704,0.0,0.0
177433013.0704,0.0,0.0
177433015.0704,0.0,0.0
177433017.0704,0.0,0.0
177433019.0704,0.0,0.0
177433021.0704,0.0,0.0
177433023.0704,0.0,0.0
177433025.0704,0.0,0.0
177433027.0704,0.0,0.0
177433029.0704,0.0,0.0
177433031.0704,0.0,0.0
177433033.0704,0.0,0.0
177433035.0704,0.0,0.0
177433037.0704,0.0,0.0
177433039.0704,0.0,0.0
177433041.0704,0.0,0.0
177433043.0704,0.0,0.0
177433045.0704,0.0,0.0
177433047.0704,0.0,0.0
177433049.0704,0.0,0.0
177433051.0704,0.0,0.0
177433053.0704,0.0,0.0
177433055.0704,0.0,0.0
177433057.0704,0.0,0.0
177433059.0704,0.0,0.0
177433061.0704,0.0,0.0
177433063.0704,0.0,0.0
177433065.0704,0.0,0.0
177433067.0704,0.0,0.0
177433069.0704,0.0,0.0
177433071.0704,0.0,0.0
177433073.0704,0.0,0.0
177433075.0704,0.0,0.0
177433077.0704,0.0,0.0
177433079.0704,0.0,0.0
177433081.0704,0.0,0.0
177433083.0704,0.0,0.0
177433085.0704,0.0,0.0
177433087.0704,0.0,0.0
177433089.0704,0.0,0.0
177433091.0704,0.0,0.0
177433093.0704,0.0,0.0
177433095.0704,0.0,0.0
177433097.0704,0.0,0.0
177433099.0704,0.0,0.0
177433101.0704,0.0,0.0
177433103.0704,0.0,0.0
177433105.0704,0.0,0.0
177433107.0704,0.0,0.0
177433109.0704,0.0,0.0
177433111.0704,0.0,0.0
177433113.0704,0.0,0.0
177433115.0704,0.0,0.0
177433117.0704,0.0,0.0
177433119.0704,0.0,0.0
177433121.0704,0.0,0.0
177433123.0704,0.0,0.0
177433125.0704,0.0,0.0
177433127.0704,0.0,0.0
177433129.0704,0.0,0.0
177433131.0704,0.0,0.0
177433133.0704,0.0,0.0
177433135.0704,0.0,0.0
177433137.0704,0.0,0.0
177433139.0704,0.0,0.0
177433141.0704,0.0,0.0
177433143.0704,0.0,0.0
177433145.0704,0.0,0.0
177433147.0704,0.0,0.0
177433149.0704,0.0,0.0
177433151.0704,0.0,0.0
177433153.0704,0.0,0.0
177433155.0704,0.0,0.0
177433157.0704,0.0,0.0
177433159.0704,0.0,0.0
177433161.0704,0.0,0.0
177433163.0704,0.0,0.0
177433165.0704,0.0,0.0
177433167.0704,0.0,0.0
177433169.0704,0.0,0.0
177433171.0704,0.0,0.0
177433173.0704,0.0,0.0
177433175.0704,0.0,0.0
177433177.0704,0.0,0.0
177433179.0704,0.0,0.0
177433181.0704,0.0,0.0
177433183.0704,0.0,0.0
177433185.0704,0.0,0.0
177433187.0704,0.0,0.0
177433189.0704,0.0,0.0
177433191.0704,0.0,0.0
177433193.0704,0.0,0.0
177433195.0704,0.0,0.0
177433197.0704,0.0,0.0
177433199.0704,0.0,0.0
177433201.0704,0.0,0.0
177433203.0704,0.0,0.0
177433205.0704,0.0,0.0
177433207.0704,0.0,0.0
177433209.0704,0.0,0.0
177433211.0704,0.0,0.0
177433213.0704,0.0,0.0
177433215.0704,0.0,0.0
177433217.0704,0.0,0.0
177433219.0704,0.0,0.0
177433221.0704,0.0,0.0
177433223.0704,0.0,0.0
177433225.0704,0.0,0.0
177433227.0704,0.0,0.0
177433229.0704,0.0,0.0
177433231.0704,0.0,0.0
177433233.0704,0.0,0.0
177433235.0704,0.0,0.0
177433237.0704,0.0,0.0
177433239.0704,0.0,0.0
177433241.0704,0.0,0.0
177433243.0704,0.0,0.0
177433245.0704,0.0,0.0
177433247.0704,0.0,0.0
177433249.0704,0.0,0.0
177433251.0704,0.0,0.0
177433253.0704,0.0,0.0
177433255.0704,0.0,0.0
177433257.0704,0.0,0.0
177433259.0704,0.0,0.0
177433261.0704,0.0,0.0
177433263.0704,0.0,0.0
177433265.0704,0.0,0.0
177433267.0704,0.0,0.0
177433269.0704,0.0,0.0
177433271.0704,0.0,0.0
177433273.0704,0.0,0.0
177433275.0704,0.0,0.0
177433277.0704,0.0,0.0
177433279.0704,0.0,0.0
177433281.0704,0.0,0.0
177433283.0704,0.0,0.0
177433285.0704,0.0,0.0
177433287.0704,0.0,0.0
177433289.0704,0.0,0.0
177433291.0704,0.0,0.0
177433293.0704,0.0,0.0
177433295.1704,0.0,0.0
177433297.0704,0.0,0.0
177433299.0704,0.0,0.0
177433301.0704,0.0,0.0
177433303.0704,0.0,0.0
177433305.0704,0.0,0.0
177433307.0704,0.0,0.0
177433309.0704,0.0,0.0
177433311.0704,0.0,0.0
177433313.0704,0.0,0.0
177433315.0704,0.0,0.0
177433317.0704,0.0,0.0
177433319.0704,0.0,0.0
177433321.0704,0.0,0.0
177433323.0704,0.0,0.0
177433325.0704,0.0,0.0
177433327.0704,0.0,0.0
177433329.0704,0.0,0.0
177433331.0704,0.0,0.0
177433333.0704,0.0,0.0
177433335.0704,0.0,0.0
177433337.0704,0.0,0.0
177433339.0704,0.0,0.0
177433341.0704,0.0,0.0
177433343.0704,0.0,0.0
177433345.0704,0.0,0.0
177433347.0704,0.0,0.0
177433349.0704,0.0,0.0
177433351.0704,0.0,0.0
177433353.0704,0.0,0.0
177433355.0704,0.0,0.0
177433357.0704,0.0,0.0
177433359.0704,0.0,0.0
177433361.0704,0.0,0.0
177433363.0704,0.0,0.0
177433365.0704,0.0,0.0
177433367.0704,0.0,0.0
177433369.0704,0.0,0.0
177433371.0704,0.0,0.0
177433373.0704,0.0,0.0
177433375.0704,0.0,0.0
177433377.0704,0.0,0.0
177433379.0704,0.0,0.0
177433381.0704,0.0,0.0
177433383.0704,0.0,0.0
177433385.0704,0.0,0.0
177433387.0704,0.0,0.0
177433389.0704,0.0,0.0
177433391.0704,0.0,0.0
177433393.0704,0.0,0.0
177433395.0704,0.0,0.0
177433397.0704,0.0,0.0
177433399.0704,0.0,0.0
177433401.0704,0.0,0.0
177433403.0704,0.0,0.0
177433405.0704,0.0,0.0
177433407.0704,0.0,0.0
177433409.0704,0.0,0.0
177433411.0704,0.0,0.0
177433413.0704,0.0,0.0
177433415.0704,0.0,0.0
177433417.0704,0.0,0.0
177433419.0704,0.0,0.0
177433421.0704,0.0,0.0
177433423.0704,0.0,0.0
177433425.0704,0.0,0.0
177433427.0704,0.0,0.0
177433429.0704,0.0,0.0
177433431.0704,0.0,0.0
177433433.0704,0.0,0.0
177433435.0704,0.0,0.0
177433437.0704,0.0,0.0
177433439.0704,0.0,0.0
177433441.0704,0.0,0.0
177433443.0704,0.0,0.0
177433445.0704,0.0,0.0
177433447.0704,0.0,0.0
177433449.0704,0.0,0.0
177433451.0704,0.0,0.0
177433453.0704,0.0,0.0
177433455.0704,0.0,0.0
177433457.0704,0.0,0.0
177433459.0704,0.0,0.0
177433461.0704,0.0,0.0
177433463.0704,0.0,0.0
177433465.0704,0.0,0.0
177433467.0704,0.0,0.0
177433469.0704,0.0,0.0
177433471.0704,0.0,0.0
177433473.0704,0.0,0.0
177433475.0704,0.0,0.0
177433477.0704,0.0,0.0
177433479.0704,0.0,0.0
177433481.0704,0.0,0.0
177433483.0704,0.0,0.0
177433485.0704,0.0,0.0
177433487.0704,0.0,0.0
177433489.0704,0.0,0.0
177433491.0704,0.0,0.0
177433493.0704,0.0,0.0
177433495.0704,0.0,0.0
177433497.0704,0.0,0.0
177433499.0704,0.0,0.0
177433501.0704,0.0,0.0
177433503.0704,0.0,0.0
177433505.0704,0.0,0.0
177433507.0704,0.0,0.0
177433509.0704,0.0,0.0
177433511.0704,0.0,0.0
177433513.0704,0.0,0.0
177433515.0704,0.0,0.0
177433517.0704,0.0,0.0
177433519.0704,0.0,0.0
177433521.0704,0.0,0.0
177433523.0704,0.0,0.0
177433525.0704,0.0,0.0
177433527.0704,0.0,0.0
177433529.0704,0.0,0.0
177433531.0704,0.0,0.0
177433533.0704,0.0,0.0
177433535.0704,0.0,0.0
177433537.0704,0.0,0.0
177433539.0704,0.0,0.0
177433541.0704,0.0,0.0
177433543.0704,0.0,0.0
177433545.0704,0.0,0.0
177433547.0704,0.0,0.0
177433549.0704,0.0,0.0
177433551.0704,0.0,0.0
177433553.0704,0.0,0.0
177433555.0704,0.0,0.0
177433557.0704,0.0,0.0
177433559.0704,0.0,0.0
177433561.0704,0.0,0.0
177433563.0704,0.0,0.0
177433565.0704,0.0,0.0
177433567.0704,0.0,0.0
177433569.0704,0.0,0.0
177433571.0704,0.0,0.0
177433573.0704,0.0,0.0
177433575.0704,0.0,0.0
177433577.0704,0.0,0.0
177433579.0704,0.0,0.0
177433581.0704,0.0,0.0
177433583.0704,0.0,0.0
177433585.0704,0.0,0.0
177433587.0704,0.0,0.0
177433589.0704,0.0,0.0
177433591.0704,0.0,0.0
177433593.0704,0.0,0.0
177433595.0704,0.0,0.0
177433597.0704,0.0,0.0
177433599.0704,0.0,0.0
177433601.0704,0.0,0.0
177433603.0704,0.0,0.0
177433605.0704,0.0,0.0
177433607.0704,0.0,0.0
177433609.0704,0.0,0.0
177433611.0704,0.0,0.0
177433613.0704,0.0,0.0
177433615.0704,0.0,0.0
177433617.0704,0.0,0.0
177433619.0704,0.0,0.0
177433621.0704,0.0,0.0
177433623.0704,0.0,0.0
177433625.0704,0.0,0.0
177433627.0704,0.0,0.0
177433629.0704,0.0,0.0
177433631.0704,0.0,0.0
177433633.0704,0.0,0.0
177433635.0704,0.0,0.0
177433637.0704,0.0,0.0
177433639.0704,0.0,0.0
177433641.0704,0.0,0.0
177433643.0704,0.0,0.0
177433645.0704,0.0,0.0
177433647.0704,0.0,0.0
177433649.0704,0.0,0.0
177433651.0704,0.0,0.0
177433653.0704,0.0,0.0
177433655.0704,0.0,0.0
177433657.0704,0.0,0.0
177433659.0704,0.0,0.0
177433661.0704,0.0,0.0
177433663.0704,0.0,0.0
177433665.0704,0.0,0.0
177433667.0704,0.0,0.0
177433669.0704,0.0,0.0
177433671.0704,0.0,0.0
177433673.0704,0.0,0.0
177433675.0704,0.0,0.0
177433677.0704,0.0,0.0
177433679.0704,0.0,0.0
177433681.0704,0.0,0.0
177433683.0704,0.0,0.0
177433685.0704,0.0,0.0
177433687.0704,0.0,0.0
177433689.0704,0.0,0.0
177433691.0704,0.0,0.0
177433693.0704,0.0,0.0
177433695.0704,0.0,0.0
177433697.0704,0.0,0.0
177433699.0704,0.0,0.0
177433701.0704,0.0,0.0
177433703.0704,0.0,0.0
177433705.0704,0.0,0.0
177433707.0704,0.0,0.0
177433709.0704,0.0,0.0
177433711.0704,0.0,0.0
177433713.0704,0.0,0.0
177433715.0704,0.0,0.0
177433717.0704,0.0,0.0
177433719.0704,0.0,0.0
177433721.0704,0.0,0.0
177433723.0704,0.0,0.0
177433725.0704,0.0,0.0
177433727.0704,0.0,0.0
177433729.0704,0.0,0.0
177433731.0704,0.0,0.0
177433733.0704,0.0,0.0
177433735.0704,0.0,0.0
177433737.0704,0.0,0.0
177433739.0704,0.0,0.0
177433741.0704,0.0,0.0
177433743.0704,0.0,0.0
177433745.0704,0.0,0.0
177433747.0704,0.0,0.0
177433749.0704,0.0,0.0
177433751.0704,0.0,0.0
177433753.0704,0.0,0.0
177433755.0704,0.0,0.0
177433757.0704,0.0,0.0
177433759.0704,0.0,0.0
177433761.0704,0.0,0.0
177433763.0704,0.0,0.0
177433765.0704,0.0,0.0
177433767.0704,0.0,0.0
177433769.0704,0.0,0.0
177433771.0704,0.0,0.0
177433773.0704,0.0,0.0
177433775.0704,0.0,0.0
177433777.0704,0.0,0.0
177433779.0704,0.0,0.0
177433781.0704,0.0,0.0
177433783.0704,0.0,0.0
177433785.0704,0.0,0.0
177433787.0704,0.0,0.0
177433789.0704,0.0,0.0
177433791.0704,0.0,0.0
177433793.0704,0.0,0.0
177433795.0704,0.0,0.0
177433797.0704,0.0,0.0
177433799.0704,0.0,0.0
177433801.0704,0.0,0.0
177433803.0704,0.0,0.0
177433805.0704,0.0,0.0
177433807.0704,0.0,0.0
177433809.0704,0.0,0.0
177433811.0704,0.0,0.0
177433813.0704,0.0,0.0
177433815.0704,0.0,0.0
177433817.0704,0.0,0.0
177433819.0704,0.0,0.0
177433821.0704,0.0,0.0
177433823.0704,0.0,0.0
177433825.0704,0.0,0.0
177433827.0704,0.0,0.0
177433829.0704,0.0,0.0
177433831.0704,0.0,0.0
177433833.0704,0.0,0.0
177433835.0704,0.0,0.0
177433837.0704,0.0,0.0
177433839.0704,0.0,0.0
177433841.0704,0.0,0.0
177433843.0704,0.0,0.0
177433845.0704,0.0,0.0
177433847.0704,0.0,0.0
177433849.0704,0.0,0.0
177433851.0704,0.0,0.0
177433853.0704,0.0,0.0
177433855.0704,0.0,0.0
177433857.0704,0.0,0.0
177433859.0704,0.0,0.0
177433861.0704,0.0,0.0
177433863.0704,0.0,0.0
177433865.0704,0.0,0.0
177433867.0704,0.0,0.0
177433869.0704,0.0,0.0
177433871.0704,0.0,0.0
177433873.0704,0.0,0.0
177433875.0704,0.0,0.0
177433877.0704,0.0,0.0
177433879.0704,0.0,0.0
177433881.0704,0.0,0.0
177433883.0704,0.0,0.0
177433885.0704,0.0,0.0
177433887.0704,0.0,0.0
177433889.0704,0.0,0.0
177433891.0704,0.0,0.0
177433893.0704,0.0,0.0
177433895.0704,0.0,0.0
177433897.0704,0.0,0.0
177433899.0704,0.0,0.0
177433901.0704,0.0,0.0
177433903.0704,0.0,0.0
177433905.0704,0.0,0.0
177433907.0704,0.0,0.0
177433909.0704,0.0,0.0
177433911.0704,0.0,0.0
177433913.0704,0.0,0.0
177433915.0704,0.0,0.0
177433917.0704,0.0,0.0
177433919.0704,0.0,0.0
177433921.0704,0.0,0.0
177433923.0704,0.0,0.0
177433925.0704,0.0,0.0
177433927.0704,0.0,0.0
177433929.0704,0.0,0.0
177433931.0704,0.0,0.0
177433933.0704,0.0,0.0
177433935.0704,0.0,0.0
177433937.0704,0.0,0.0
177433939.0704,0.0,0.0
177433941.0704,0.0,0.0
177433943.0704,0.0,0.0
177433945.0704,0.0,0.0
177433947.0704,0.0,0.0
177433949.0704,0.0,0.0
177433951.0704,0.0,0.0
177433953.0704,0.0,0.0
177433955.0704,0.0,0.0
177433957.0704,0.0,0.0
177433959.0704,0.0,0.0
177433961.0704,0.0,0.0
177433963.0704,0.0,0.0
177433965.0704,0.0,0.0
177433967.0704,0.0,0.0
177433969.0704,0.0,0.0
177433971.0704,0.0,0.0
177433973.0704,0.0,0.0
177433975.0704,0.0,0.0
177433977.0704,0.0,0.0
177433979.0704,0.0,0.0
177433981.0704,0.0,0.0
177433983.0704,0.0,0.0
177433985.0704,0.0,0.0
177433987.0704,0.0,0.0
177433989.0704,0.0,0.0
177433991.0704,0.0,0.0
177433993.0704,0.0,0.0
177433995.0704,0.0,0.0
177433997.0704,0.0,0.0
177433999.0704,0.0,0.0
177434001.0704,0.0,0.0
177434003.0704,0.0,0.0
177434005.0704,0.0,0.0
177434007.0704,0.0,0.0
177434009.0704,0.0,0.0
177434011.0704,0.0,0.0
177434013.0704,0.0,0.0
177434015.0704,0.0,0.0
177434017.0704,0.0,0.0
177434019.0704,0.0,0.0
177434021.0704,0.0,0.0
177434023.0704,0.0,0.0
177434025.0704,0.0,0.0
177434027.0704,0.0,0.0
177434029.0704,0.0,0.0
177434031.0704,0.0,0.0
177434033.0704,0.0,0.0
177434035.0704,0.0,0.0
177434037.0704,0.0,0.0
177434039.0704,0.0,0.0
177434041.0704,0.0,0.0
177434043.0704,0.0,0.0
177434045.0704,0.0,0.0
177434047.0704,0.0,0.0
177434049.0704,0.0,0.0
177434051.0704,0.0,0.0
177434053.0704,0.0,0.0
177434055.0704,0.0,0.0
177434057.0704,0.0,0.0
177434059.0704,0.0,0.0
177434061.0704,0.0,0.0
177434063.0704,0.0,0.0
177434065.0704,0.0,0.0
177434067.0704,0.0,0.0
177434069.0704,0.0,0.0
177434071.0704,0.0,0.0
177434073.0704,0.0,0.0
177434075.0704,0.0,0.0
177434077.0704,0.0,0.0
177434079.0704,0.0,0.0
177434081.0704,0.0,0.0
177434083.0704,0.0,0.0
177434085.0704,0.0,0.0
177434087.0704,0.0,0.0
177434089.0704,0.0,0.0
177434091.0704,0.0,0.0
177434093.0704,0.0,0.0
177434095.0704,0.0,0.0
177434097.0704,0.0,0.0
177434099.0704,0.0,0.0
177434101.0704,0.0,0.0
177434103.0704,0.0,0.0
177434105.0704,0.0,0.0
177434107.0704,0.0,0.0
177434109.0704,0.0,0.0
177434111.0704,0.0,0.0
177434113.0704,0.0,0.0
177434115.0704,0.0,0.0
177434117.0704,0.0,0.0
177434119.0704,0.0,0.0
177434121.0704,0.0,0.0
177434123.0704,0.0,0.0
177434125.0704,0.0,0.0
177434127.0704,0.0,0.0
177434129.0704,0.0,0.0
177434131.0704,0.0,0.0
177434133.0704,0.0,0.0
177434135.0704,0.0,0.0
177434137.0704,0.0,0.0
177434139.0704,0.0,0.0
177434141.0704,0.0,0.0
177434143.0704,0.0,0.0
177434145.0704,0.0,0.0
177434147.0704,0.0,0.0
177434149.0704,0.0,0.0
177434151.0704,0.0,0.0
177434153.0704,0.0,0.0
177434155.0704,0.0,0.0
177434157.0704,0.0,0.0
177434159.0704,0.0,0.0
177434161.0704,0.0,0.0
177434163.0704,0.0,0.0
177434165.0704,0.0,0.0
177434167.0704,0.0,0.0
177434169.0704,0.0,0.0
177434171.0704,0.0,0.0
177434173.0704,0.0,0.0
177434175.0704,0.0,0.0
177434177.0704,0.0,0.0
177434179.0704,0.0,0.0
177434181.0704,0.0,0.0
177434183.0704,0.0,0.0
177434185.0704,0.0,0.0
177434187.0704,0.0,0.0
177434189.0704,0.0,0.0
177434191.0704,0.0,0.0
177434193.0704,0.0,0.0
177434195.0704,0.0,0.0
177434197.0704,0.0,0.0
177434199.0704,0.0,0.0
177434201.0704,0.0,0.0
177434203.0704,0.0,0.0
177434205.0704,0.0,0.0
177434207.0704,0.0,0.0
177434209.0704,0.0,0.0
177434211.0704,0.0,0.0
177434213.0704,0.0,0.0
177434215.0704,0.0,0.0
177434217.0704,0.0,0.0
177434219.0704,0.0,0.0
177434221.0704,0.0,0.0
177434223.0704,0.0,0.0
177434225.0704,0.0,0.0
177434227.0704,0.0,0.0
177434229.0704,0.0,0.0
177434231.0704,0.0,0.0
177434233.0704,0.0,0.0
177434235.0704,0.0,0.0
177434237.0704,0.0,0.0
177434239.0704,0.0,0.0
177434241.0704,0.0,0.0
177434243.0704,0.0,0.0
177434245.0704,0.0,0.0
177434247.0704,0.0,0.0
177434249.0704,0.0,0.0
177434251.0704,0.0,0.0
177434253.0704,0.0,0.0
177434255.0704,0.0,0.0
177434257.0704,0.0,0.0
177434259.0704,0.0,0.0
177434261.0704,0.0,0.0
177434263.0704,0.0,0.0
177434265.0704,0.0,0.0
177434267.0704,0.0,0.0
177434269.0704,0.0,0.0
177434271.0704,0.0,0.0
177434273.0704,0.0,0.0
177434275.0704,0.0,0.0
177434277.0704,0.0,0.0
177434279.0704,0.0,0.0
177434281.0704,0.0,0.0
177434283.0704,0.0,0.0
177434285.0704,0.0,0.0
177434287.0704,0.0,0.0
177434289.0704,0.0,0.0
177434291.0704,0.0,0.0
177434293.0704,0.0,0.0
177434295.0704,0.0,0.0
177434297.0704,0.0,0.0
177434299.0704,0.0,0.0
177434301.0704,0.0,0.0
177434303.0704,0.0,0.0
177434305.0704,0.0,0.0
177434307.0704,0.0,0.0
177434309.0704,0.0,0.0
177434311.0704,0.0,0.0
177434313.0704,0.0,0.0
177434315.0704,0.0,0.0
177434317.0704,0.0,0.0
177434319.0704,0.0,0.0
177434321.0704,0.0,0.0
177434323.0704,0.0,0.0
177434325.0704,0.0,0.0
177434327.0704,0.0,0.0
177434329.0704,0.0,0.0
177434331.0704,0.0,0.0
177434333.0704,0.0,0.0
177434335.0704,0.0,0.0
177434337.0704,0.0,0.0
177434339.0704,0.0,0.0
177434341.0704,0.0,0.0
177434343.0704,0.0,0.0
177434345.0704,0.0,0.0
177434347.0704,0.0,0.0
177434349.0704,0.0,0.0
177434351.0704,0.0,0.0
177434353.0704,0.0,0.0
177434355.0704,0.0,0.0
177434357.0704,0.0,0.0
177434359.0704,0.0,0.0
177434361.0704,0.0,0.0
177434363.0704,0.0,0.0
177434365.0704,0.0,0.0
177434367.0704,0.0,0.0
177434369.0704,0.0,0.0
177434371.0704,0.0,0.0
177434373.0704,0.0,0.0
177434375.0704,0.0,0.0
177434377.0704,0.0,0.0
177434379.0704,0.0,0.0
177434381.0704,0.0,0.0
177434383.0704,0.0,0.0
177434385.0704,0.0,0.0
177434387.0704,0.0,0.0
177434389.0704,0.0,0.0
177434391.0704,0.0,0.0
177434393.0704,0.0,0.0
177434395.0704,0.0,0.0
177434397.0704,0.0,0.0
177434399.0704,0.0,0.0
177434401.0704,0.0,0.0
177434403.0704,0.0,0.0
177434405.0704,0.0,0.0
177434407.0704,0.0,0.0
177434409.0704,0.0,0.0
177434411.0704,0.0,0.0
177434413.0704,0.0,0.0
177434415.0704,0.0,0.0
177434417.0704,0.0,0.0
177434419.0704,0.0,0.0
177434421.0704,0.0,0.0
177434423.0704,0.0,0.0
177434425.0704,0.0,0.0
177434427.0704,0.0,0.0
177434429.0704,0.0,0.0
177434431.0704,0.0,0.0
177434433.0704,0.0,0.0
177434435.0704,0.0,0.0
177434437.0704,0.0,0.0
177434439.0704,0.0,0.0
177434441.0704,0.0,0.0
177434443.0704,0.0,0.0
177434445.0704,0.0,0.0
177434447.0704,0.0,0.0
177434449.0704,0.0,0.0
177434451.0704,0.0,0.0
177434453.0704,0.0,0.0
177434455.0704,0.0,0.0
177434457.0704,0.0,0.0
177434459.0704,0.0,0.0
177434461.0704,0.0,0.0
177434463.0704,0.0,0.0
177434465.0704,0.0,0.0
177434467.0704,0.0,0.0
177434469.0704,0.0,0.0
177434471.0704,0.0,0.0
177434473.0704,0.0,0.0
177434475.0704,0.0,0.0
177434477.0704,0.0,0.0
177434479.0704,0.0,0.0
177434481.0704,0.0,0.0
177434483.0704,0.0,0.0
177434485.0704,0.0,0.0
177434487.0704,0.0,0.0
177434489.0704,0.0,0.0
177434491.0704,0.0,0.0
177434493.0704,0.0,0.0
177434495.0704,0.0,0.0
177434497.0704,0.0,0.0
177434499.0704,0.0,0.0
177434501.0704,0.0,0.0
177434503.0704,0.0,0.0
177434505.0704,0.0,0.0
177434507.0704,0.0,0.0
177434509.0704,0.0,0.0
177434511.0704,0.0,0.0
177434513.0704,0.0,0.0
177434515.0704,0.0,0.0
177434517.0704,0.0,0.0
177434519.0704,0.0,0.0
177434521.0704,0.0,0.0
177434523.0704,0.0,0.0
177434525.0704,0.0,0.0
177434527.0704,0.0,0.0
177434529.0704,0.0,0.0
177434531.0704,0.0,0.0
177434533.0704,0.0,0.0
177434535.0704,0.0,0.0
177434537.0704,0.0,0.0
177434539.0704,0.0,0.0
177434541.0704,0.0,0.0
177434543.0704,0.0,0.0
177434545.0704,0.0,0.0
177434547.0704,0.0,0.0
177434549.0704,0.0,0.0
177434551.0704,0.0,0.0
177434553.0704,0.0,0.0
177434555.0704,0.0,0.0
177434557.0704,0.0,0.0
177434559.0704,0.0,0.0
177434561.0704,0.0,0.0
177434563.0704,0.0,0.0
177434565.0704,0.0,0.0
177434567.0704,0.0,0.0
177434569.0704,0.0,0.0
177434571.0704,0.0,0.0
177434573.0704,0.0,0.0
177434575.0704,0.0,0.0
177434577.0704,0.0,0.0
177434579.0704,0.0,0.0
177434581.0704,0.0,0.0
177434583.0704,0.0,0.0
177434585.0704,0.0,0.0
177434587.0704,0.0,0.0
177434589.0704,0.0,0.0
177434591.0704,0.0,0.0
177434593.0704,0.0,0.0
177434595.0704,0.0,0.0
177434597.0704,0.0,0.0
177434599.0704,0.0,0.0
177434601.0704,0.0,0.0
177434603.0704,0.0,0.0
177434605.0704,0.0,0.0
177434607.0704,0.0,0.0
177434609.0704,0.0,0.0
177434611.0704,0.0,0.0
177434613.0704,0.0,0.0
177434615.0704,0.0,0.0
177434617.0704,0.0,0.0
177434619.0704,0.0,0.0
177434621.0704,0.0,0.0
177434623.0704,0.0,0.0
177434625.0704,0.0,0.0
177434627.0704,0.0,0.0
177434629.0704,0.0,0.0
177434631.0704,0.0,0.0
177434633.0704,0.0,0.0
177434635.0704,0.0,0.0
177434637.0704,0.0,0.0
177434639.0704,0.0,0.0
177434641.0704,0.0,0.0
177434643.0704,0.0,0.0
177434645.0704,0.0,0.0
177434647.0704,0.0,0.0
177434649.0704,0.0,0.0
177434651.0704,0.0,0.0
177434653.0704,0.0,0.0
177434655.0704,0.0,0.0
177434657.0704,0.0,0.0
177434659.0704,0.0,0.0
177434661.0704,0.0,0.0
177434663.0704,0.0,0.0
177434665.0704,0.0,0.0
177434667.0704,0.0,0.0
177434669.0704,0.0,0.0
177434671.0704,0.0,0.0
177434673.0704,0.0,0.0
177434675.0704,0.0,0.0
177434677.0704,0.0,0.0
177434679.0704,0.0,0.0
177434681.0704,0.0,0.0
177434683.0704,0.0,0.0
177434685.0704,0.0,0.0
177434687.0704,0.0,0.0
177434689.0704,0.0,0.0
177434691.0704,0.0,0.0
177434693.0704,0.0,0.0
177434695.0704,0.0,0.0
177434697.0704,0.0,0.0
177434699.0704,0.0,0.0
177434701.0704,0.0,0.0
177434703.0704,0.0,0.0
177434705.0704,0.0,0.0
177434707.0704,0.0,0.0
177434709.0704,0.0,0.0
177434711.0704,0.0,0.0
177434713.0704,0.0,0.0
177434715.0704,0.0,0.0
177434717.0704,0.0,0.0
177434719.0704,0.0,0.0
177434721.0704,0.0,0.0
177434723.0704,0.0,0.0
177434725.0704,0.0,0.0
177434727.0704,0.0,0.0
177434729.0704,0.0,0.0
177434731.0704,0.0,0.0
177434733.0704,0.0,0.0
177434735.0704,0.0,0.0
177434737.0704,0.0,0.0
177434739.0704,0.0,0.0
177434741.0704,0.0,0.0
177434743.0704,0.0,0.0
177434745.0704,0.0,0.0
177434747.0704,0.0,0.0
177434749.0704,0.0,0.0
177434751.0704,0.0,0.0
177434753.0704,0.0,0.0
177434755.0704,0.0,0.0
177434757.0704,0.0,0.0
177434759.0704,0.0,0.0
177434761.0704,0.0,0.0
177434763.0704,0.0,0.0
177434765.0704,0.0,0.0
177434767.0704,0.0,0.0
177434769.0704,0.0,0.0
177434771.0704,0.0,0.0
177434773.0704,0.0,0.0
177434775.0704,0.0,0.0
177434777.0704,0.0,0.0
177434779.0704,0.0,0.0
177434781.0704,0.0,0.0
177434783.0704,0.0,0.0
177434785.0704,0.0,0.0
177434787.0704,0.0,0.0
177434789.0704,0.0,0.0
177434791.0704,0.0,0.0
177434793.0704,0.0,0.0
177434795.0704,0.0,0.0
177434797.0704,0.0,0.0
177434799.0704,0.0,0.0
177434801.0704,0.0,0.0
177434803.0704,0.0,0.0
177434805.0704,0.0,0.0
177434807.0704,0.0,0.0
177434809.0704,0.0,0.0
177434811.0704,0.0,0.0
177434813.0704,0.0,0.0
177434815.0704,0.0,0.0
177434817.0704,0.0,0.0
177434819.0704,0.0,0.0
177434821.0704,0.0,0.0
177434823.0704,0.0,0.0
177434825.0704,0.0,0.0
177434827.0704,0.0,0.0
177434829.0704,0.0,0.0
177434831.0704,0.0,0.0
177434833.0704,0.0,0.0
177434835.0704,0.0,0.0
177434837.0704,0.0,0.0
177434839.0704,0.0,0.0
177434841.0704,0.0,0.0
177434843.0704,0.0,0.0
177434845.0704,0.0,0.0
177434847.0704,0.0,0.0
177434849.0704,0.0,0.0
177434851.0704,0.0,0.0
177434853.0704,0.0,0.0
177434855.0704,0.0,0.0
177434857.0704,0.0,0.0
177434859.0704,0.0,0.0
177434861.0704,0.0,0.0
177434863.0704,0.0,0.0
177434865.0704,0.0,0.0
177434867.0704,0.0,0.0
177434869.0704,0.0,0.0
177434871.0704,0.0,0.0
177434873.0704,0.0,0.0
177434875.0704,0.0,0.0
177434877.0704,0.0,0.0
177434879.0704,0.0,0.0
177434881.0704,0.0,0.0
177434883.0704,0.0,0.0
177434885.0704,0.0,0.0
177434887.0704,0.0,0.0
177434889.0704,0.0,0.0
177434891.0704,0.0,0.0
177434893.0704,0.0,0.0
177434895.0704,0.0,0.0
177434897.0704,0.0,0.0
177434899.0704,0.0,0.0
177434901.0704,0.0,0.0
177434903.0704,0.0,0.0
177434905.0704,0.0,0.0
177434907.0704,0.0,0.0
177434909.0704,0.0,0.0
177434911.0704,0.0,0.0
177434913.0704,0.0,0.0
177434915.0704,0.0,0.0
177434917.0704,0.0,0.0
177434919.0704,0.0,0.0
177434921.0704,0.0,0.0
177434923.0704,0.0,0.0
177434925.0704,0.0,0.0
177434927.0704,0.0,0.0
177434929.0704,0.0,0.0
177434931.0704,0.0,0.0
177434933.0704,0.0,0.0
177434935.0704,0.0,0.0
177434937.0704,0.0,0.0
177434939.0704,0.0,0.0
177434941.0704,0.0,0.0
177434943.0704,0.0,0.0
177434945.0704,0.0,0.0
177434947.0704,0.0,0.0
177434949.0704,0.0,0.0
177434951.0704,0.0,0.0
177434953.0704,0.0,0.0
177434955.0704,0.0,0.0
177434957.0704,0.0,0.0
177434959.0704,0.0,0.0
177434961.0704,0.0,0.0
177434963.0704,0.0,0.0
177434965.0704,0.0,0.0
177434967.0704,0.0,0.0
177434969.0704,0.0,0.0
177434971.0704,0.0,0.0
177434973.0704,0.0,0.0
177434975.0704,0.0,0.0
177434977.0704,0.0,0.0
177434979.0704,0.0,0.0
177434981.0704,0.0,0.0
177434983.0704,0.0,0.0
177434985.0704,0.0,0.0
177434987.0704,0.0,0.0
177434989.0704,0.0,0.0
177434991.0704,0.0,0.0
177434993.0704,0.0,0.0
177434995.0704,0.0,0.0
177434997.0704,0.0,0.0
177434999.0704,0.0,0.0
177435001.0704,0.0,0.0
177435003.0704,0.0,0.0
177435005.0704,0.0,0.0
177435007.0704,0.0,0.0
177435009.0704,0.0,0.0
177435011.0704,0.0,0.0
177435013.0704,0.0,0.0
177435015.0704,0.0,0.0
177435017.0704,0.0,0.0
177435019.0704,0.0,0.0
177435021.0704,0.0,0.0
177435023.0704,0.0,0.0
177435025.0704,0.0,0.0
177435027.0704,0.0,0.0
177435029.0704,0.0,0.0
177435031.0704,0.0,0.0
177435033.0704,0.0,0.0
177435035.0704,0.0,0.0
177435037.0704,0.0,0.0
177435039.0704,0.0,0.0
177435041.0704,0.0,0.0
177435043.0704,0.0,0.0
177435045.0704,0.0,0.0
177435047.0704,0.0,0.0
177435049.0704,0.0,0.0
177435051.0704,0.0,0.0
177435053.0704,0.0,0.0
177435055.0704,0.0,0.0
177435057.0704,0.0,0.0
177435059.0704,0.0,0.0
177435061.0704,0.0,0.0
177435063.0704,0.0,0.0
177435065.0704,0.0,0.0
177435067.0704,0.0,0.0
177435069.0704,0.0,0.0
177435071.0704,0.0,0.0
177435073.0704,0.0,0.0
177435075.0704,0.0,0.0
177435077.0704,0.0,0.0
177435079.0704,0.0,0.0
177435081.0704,0.0,0.0
177435083.0704,0.0,0.0
177435085.0704,0.0,0.0
177435087.0704,0.0,0.0
177435089.0704,0.0,0.0
177435091.0704,0.0,0.0
177435093.0704,0.0,0.0
177435095.0704,0.0,0.0
177435097.0704,0.0,0.0
177435099.0704,0.0,0.0
177435101.0704,0.0,0.0
177435103.0704,0.0,0.0
177435105.0704,0.0,0.0
177435107.0704,0.0,0.0
177435109.0704,0.0,0.0
177435111.0704,0.0,0.0
177435113.0704,0.0,0.0
177435115.0704,0.0,0.0
177435117.0704,0.0,0.0
177435119.0704,0.0,0.0
177435121.0704,0.0,0.0
177435123.0704,0.0,0.0
177435125.0704,0.0,0.0
177435127.0704,0.0,0.0
177435129.0704,0.0,0.0
177435131.0704,0.0,0.0
177435133.0704,0.0,0.0
177435135.0704,0.0,0.0
177435137.0704,0.0,0.0
177435139.0704,0.0,0.0
177435141.0704,0.0,0.0
177435143.0704,0.0,0.0
177435145.0704,0.0,0.0
177435147.0704,0.0,0.0
177435149.0704,0.0,0.0
177435151.0704,0.0,0.0
177435153.0704,0.0,0.0
177435155.0704,0.0,0.0
177435157.0704,0.0,0.0
177435159.0704,0.0,0.0
177435161.0704,0.0,0.0
177435163.0704,0.0,0.0
177435165.0704,0.0,0.0
177435167.0704,0.0,0.0
177435169.0704,0.0,0.0
177435171.0704,0.0,0.0
177435173.0704,0.0,0.0
177435175.0704,0.0,0.0
177435177.0704,0.0,0.0
177435179.0704,0.0,0.0
177435181.0704,0.0,0.0
177435183.0704,0.0,0.0
177435185.0704,0.0,0.0
177435187.0704,0.0,0.0
177435189.0704,0.0,0.0
177435191.0704,0.0,0.0
177435193.0704,0.0,0.0
177435195.0704,0.0,0.0
177435197.0704,0.0,0.0
177435199.0704,0.0,0.0
177435201.0704,0.0,0.0
177435203.0704,0.0,0.0
177435205.0704,0.0,0.0
177435207.0704,0.0,0.0
177435209.0704,0.0,0.0
177435211.0704,0.0,0.0
177435213.0704,0.0,0.0
177435215.0704,0.0,0.0
177435217.0704,0.0,0.0
177435219.0704,0.0,0.0
177435221.0704,0.0,0.0
177435223.0704,0.0,0.0
177435225.0704,0.0,0.0
177435227.0704,0.0,0.0
177435229.0704,0.0,0.0
177435231.0704,0.0,0.0
177435233.0704,0.0,0.0
177435235.0704,0.0,0.0
177435237.0704,0.0,0.0
177435239.0704,0.0,0.0
177435241.0704,0.0,0.0
177435243.0704,0.0,0.0
177435245.0704,0.0,0.0
177435247.0704,0.0,0.0
177435249.0704,0.0,0.0
177435251.0704,0.0,0.0
177435253.0704,0.0,0.0
177435255.0704,0.0,0.0
177435257.0704,0.0,0.0
177435259.0704,0.0,0.0
177435261.0704,0.0,0.0
177435263.0704,0.0,0.0
177435265.0704,0.0,0.0
177435267.0704,0.0,0.0
177435269.0704,0.0,0.0
177435271.0704,0.0,0.0
177435273.0704,0.0,0.0
177435275.0704,0.0,0.0
177435277.0704,0.0,0.0
177435281.0704,0.0,0.0
177435291.0704,0.0,0.0
177435293.0704,0.0,0.0
177435295.0704,0.0,0.0
177435297.0704,0.0,0.0
177435299.0704,0.0,0.0
177435301.0704,0.0,0.0
177435303.0704,0.0,0.0
177435305.0704,0.0,0.0
177435307.0704,0.0,0.0
177435309.0704,0.0,0.0
177435311.0704,0.0,0.0
177435313.0704,0.0,0.0
177435315.0704,0.0,0.0
177435317.0704,0.0,0.0
177435319.0704,0.0,0.0
177435321.0704,0.0,0.0
177435323.0704,0.0,0.0
177435325.0704,0.0,0.0
177435327.0704,0.0,0.0
177435329.0704,0.0,0.0
177435331.0704,0.0,0.0
177435333.0704,0.0,0.0
177435335.0704,0.0,0.0
177435337.0704,0.0,0.0
177435339.0704,0.0,0.0
177435341.0704,0.0,0.0
177435343.0704,0.0,0.0
177435345.0704,0.0,0.0
177435347.0704,0.0,0.0
177435349.0704,0.0,0.0
177435351.0704,0.0,0.0
177435353.0704,0.0,0.0
177435355.0704,0.0,0.0
177435357.0704,0.0,0.0
177435359.0704,0.0,0.0
177435361.0704,0.0,0.0
177435363.0704,0.0,0.0
177435365.0704,0.0,0.0
177435367.0704,0.0,0.0
177435369.0704,0.0,0.0
177435371.0704,0.0,0.0
177435373.0704,0.0,0.0
177435375.0704,0.0,0.0
177435377.0704,0.0,0.0
177435379.0704,0.0,0.0
177435381.0704,0.0,0.0
177435383.0704,0.0,0.0
177435385.0704,0.0,0.0
177435387.0704,0.0,0.0
177435389.0704,0.0,0.0
177435391.0704,0.0,0.0
177435393.0704,0.0,0.0
177435395.0704,0.0,0.0
177435397.0704,0.0,0.0
177435399.0704,0.0,0.0
177435401.0704,0.0,0.0
177435403.0704,0.0,0.0
177435405.0704,0.0,0.0
177435407.0704,0.0,0.0
177435409.0704,0.0,0.0
177435411.0704,0.0,0.0
177435413.0704,0.0,0.0
177435415.0704,0.0,0.0
177435417.0704,0.0,0.0
177435419.0704,0.0,0.0
177435421.0704,0.0,0.0
177435423.0704,0.0,0.0
177435425.0704,0.0,0.0
177435427.0704,0.0,0.0
177435429.0704,0.0,0.0
177435431.0704,0.0,0.0
177435433.0704,0.0,0.0
177435435.0704,0.0,0.0
177435437.0704,0.0,0.0
177435439.0704,0.0,0.0
177435441.0704,0.0,0.0
177435443.0704,0.0,0.0
177435445.0704,0.0,0.0
177435447.0704,0.0,0.0
177435449.0704,0.0,0.0
177435451.0704,0.0,0.0
177435453.0704,0.0,0.0
177435455.0704,0.0,0.0
177435457.0704,0.0,0.0
177435459.0704,0.0,0.0
177435461.0704,0.0,0.0
177435463.0704,0.0,0.0
177435465.0704,0.0,0.0
177435467.0704,0.0,0.0
177435469.0704,0.0,0.0
177435471.0704,0.0,0.0
177435473.0704,0.0,0.0
177435475.0704,0.0,0.0
177435477.0704,0.0,0.0
177435479.0704,0.0,0.0
177435481.0704,0.0,0.0
177435483.0704,0.0,0.0
177435485.0704,0.0,0.0
177435487.0704,0.0,0.0
177435489.0704,0.0,0.0
177435491.0704,0.0,0.0
177435493.0704,0.0,0.0
177435495.0704,0.0,0.0
177435497.0704,0.0,0.0
177435499.0704,0.0,0.0
177435501.0704,0.0,0.0
177435503.0704,0.0,0.0
177435505.0704,0.0,0.0
177435507.0704,0.0,0.0
177435509.0704,0.0,0.0
177435511.0704,0.0,0.0
177435513.0704,0.0,0.0
177435515.0704,0.0,0.0
177435517.0704,0.0,0.0
177435519.0704,0.0,0.0
177435521.0704,0.0,0.0
177435523.0704,0.0,0.0
177435525.0704,0.0,0.0
177435527.0704,0.0,0.0
177435529.0704,0.0,0.0
177435531.0704,0.0,0.0
177435533.0704,0.0,0.0
177435535.0704,0.0,0.0
177435537.0704,0.0,0.0
177435539.0704,0.0,0.0
177435541.0704,0.0,0.0
177435543.0704,0.0,0.0
177435545.0704,0.0,0.0
177435547.0704,0.0,0.0
177435549.0704,0.0,0.0
177435551.0704,0.0,0.0
177435553.0704,0.0,0.0
177435555.0704,0.0,0.0
177435557.0704,0.0,0.0
177435559.0704,0.0,0.0
177435561.0704,0.0,0.0
177435563.0704,0.0,0.0
177435565.0704,0.0,0.0
177435567.0704,0.0,0.0
177435569.0704,0.0,0.0
177435571.0704,0.0,0.0
177435573.0704,0.0,0.0
177435575.0704,0.0,0.0
177435577.0704,0.0,0.0
177435579.0704,0.0,0.0
177435581.0704,0.0,0.0
177435583.0704,0.0,0.0
177435585.0704,0.0,0.0
177435587.0704,0.0,0.0
177435589.0704,0.0,0.0
177435591.0704,0.0,0.0
177435593.0704,0.0,0.0
177435595.0704,0.0,0.0
177435597.0704,0.0,0.0
177435599.0704,0.0,0.0
177435601.0704,0.0,0.0
177435603.0704,0.0,0.0
177435605.0704,0.0,0.0
177435607.0704,0.0,0.0
177435609.0704,0.0,0.0
177435611.0704,0.0,0.0
177435613.0704,0.0,0.0
177435615.0704,0.0,0.0
177435617.0704,0.0,0.0
177435619.0704,0.0,0.0
177435621.0704,0.0,0.0
177435623.0704,0.0,0.0
177435625.0704,0.0,0.0
177435627.0704,0.0,0.0
177435629.0704,0.0,0.0
177435631.0704,0.0,0.0
177435633.0704,0.0,0.0
177435635.0704,0.0,0.0
177435637.0704,0.0,0.0
177435639.0704,0.0,0.0
177435641.0704,0.0,0.0
177435643.0704,0.0,0.0
177435645.0704,0.0,0.0
177435647.0704,0.0,0.0
177435649.0704,0.0,0.0
177435651.0704,0.0,0.0
177435653.0704,0.0,0.0
177435655.0704,0.0,0.0
177435657.0704,0.0,0.0
177435659.0704,0.0,0.0
177435661.0704,0.0,0.0
177435663.0704,0.0,0.0
177435665.0704,0.0,0.0
177435667.0704,0.0,0.0
177435669.0704,0.0,0.0
177435671.0704,0.0,0.0
177435673.0704,0.0,0.0
177435675.0704,0.0,0.0
177435677.0704,0.0,0.0
177435679.0704,0.0,0.0
177435681.0704,0.0,0.0
177435683.0704,0.0,0.0
177435685.0704,0.0,0.0
177435687.0704,0.0,0.0
177435689.0704,0.0,0.0
177435691.0704,0.0,0.0
177435693.0704,0.0,0.0
177435695.0704,0.0,0.0
177435697.0704,0.0,0.0
177435699.0704,0.0,0.0
177435701.0704,0.0,0.0
177435703.0704,0.0,0.0
177435705.0704,0.0,0.0
177435707.0704,0.0,0.0
177435709.0704,0.0,0.0
177435711.0704,0.0,0.0
177435713.0704,0.0,0.0
177435715.0704,0.0,0.0
177435717.0704,0.0,0.0
177435719.0704,0.0,0.0
177435721.0704,0.0,0.0
177435723.0704,0.0,0.0
177435725.0704,0.0,0.0
177435727.0704,0.0,0.0
177435729.0704,0.0,0.0
177435731.0704,0.0,0.0
177435733.0704,0.0,0.0
177435735.0704,0.0,0.0
177435737.0704,0.0,0.0
177435739.0704,0.0,0.0
177435741.0704,0.0,0.0
177435743.0704,0.0,0.0
177435745.0704,0.0,0.0
177435747.0704,0.0,0.0
177435749.0704,0.0,0.0
177435751.0704,0.0,0.0
177435753.0704,0.0,0.0
177435755.0704,0.0,0.0
177435757.0704,0.0,0.0
177435759.0704,0.0,0.0
177435761.0704,0.0,0.0
177435763.0704,0.0,0.0
177435765.0704,0.0,0.0
177435767.0704,0.0,0.0
177435769.0704,0.0,0.0
177435771.0704,0.0,0.0
177435773.0704,0.0,0.0
177435775.0704,0.0,0.0
177435777.0704,0.0,0.0
177435779.1704,0.0,0.0
177435781.0704,0.0,0.0
177435783.0704,0.0,0.0
177435785.0704,0.0,0.0
177435787.0704,0.0,0.0
177435789.0704,0.0,0.0
177435791.0704,0.0,0.0
177435793.0704,0.0,0.0
177435795.0704,0.0,0.0
177435797.0704,0.0,0.0
177435799.0704,0.0,0.0
177435801.0704,0.0,0.0
177435803.0704,0.0,0.0
177435805.0704,0.0,0.0
177435807.0704,0.0,0.0
177435809.0704,0.0,0.0
177435811.0704,0.0,0.0
177435813.0704,0.0,0.0
177435815.0704,0.0,0.0
177435817.0704,0.0,0.0
177435819.0704,0.0,0.0
177435821.0704,0.0,0.0
177435823.0704,0.0,0.0
177435825.0704,0.0,0.0
177435827.0704,0.0,0.0
177435829.0704,0.0,0.0
177435831.0704,0.0,0.0
177435833.0704,0.0,0.0
177435835.0704,0.0,0.0
177435837.0704,0.0,0.0
177435839.0704,0.0,0.0
177435841.0704,0.0,0.0
177435843.0704,0.0,0.0
177435845.0704,0.0,0.0
177435847.0704,0.0,0.0
177435849.0704,0.0,0.0
177435851.0704,0.0,0.0
177435853.0704,0.0,0.0
177435855.0704,0.0,0.0
177435857.0704,0.0,0.0
177435859.0704,0.0,0.0
177435861.0704,0.0,0.0
177435863.0704,0.0,0.0
177435865.0704,0.0,0.0
177435867.0704,0.0,0.0
177435869.0704,0.0,0.0
177435871.0704,0.0,0.0
177435873.0704,0.0,0.0
177435875.0704,0.0,0.0
177435877.0704,0.0,0.0
177435879.0704,0.0,0.0
177435881.0704,0.0,0.0
177435883.0704,0.0,0.0
177435885.0704,0.0,0.0
177435887.0704,0.0,0.0
177435889.0704,0.0,0.0
177435891.0704,0.0,0.0
177435893.0704,0.0,0.0
177435895.0704,0.0,0.0
177435897.0704,0.0,0.0
177435899.0704,0.0,0.0
177435901.0704,0.0,0.0
177435903.0704,0.0,0.0
177435905.0704,0.0,0.0
177435907.0704,0.0,0.0
177435909.0704,0.0,0.0
177435911.0704,0.0,0.0
177435913.0704,0.0,0.0
177435915.0704,0.0,0.0
177435917.0704,0.0,0.0
177435919.0704,0.0,0.0
177435921.0704,0.0,0.0
177435923.0704,0.0,0.0
177435925.0704,0.0,0.0
177435927.0704,0.0,0.0
177435929.0704,0.0,0.0
177435931.0704,0.0,0.0
177435933.0704,0.0,0.0
177435935.0704,0.0,0.0
177435937.0704,0.0,0.0
177435939.0704,0.0,0.0
177435941.0704,0.0,0.0
177435943.0704,0.0,0.0
177435945.0704,0.0,0.0
177435947.0704,0.0,0.0
177435949.0704,0.0,0.0
177435951.0704,0.0,0.0
177435953.0704,0.0,0.0
177435955.0704,0.0,0.0
177435957.0704,0.0,0.0
177435959.0704,0.0,0.0
177435961.0704,0.0,0.0
177435963.0704,0.0,0.0
177435965.0704,0.0,0.0
177435967.0704,0.0,0.0
177435969.0704,0.0,0.0
177435971.0704,0.0,0.0
177435973.0704,0.0,0.0
177435975.0704,0.0,0.0
177435977.0704,0.0,0.0
177435979.0704,0.0,0.0
177435981.0704,0.0,0.0
177435983.0704,0.0,0.0
177435985.0704,0.0,0.0
177435987.0704,0.0,0.0
177435989.0704,0.0,0.0
177435991.0704,0.0,0.0
177435993.0704,0.0,0.0
177435995.0704,0.0,0.0
177435997.0704,0.0,0.0
177435999.0704,0.0,0.0
177436001.0704,0.0,0.0
177436003.0704,0.0,0.0
177436005.0704,0.0,0.0
